
> writing-task-app@0.1.0 dev
> next dev --port 3000

▲ Next.js 16.2.6 (Turbopack)
- Local:         http://localhost:3000
- Network:       http://192.168.1.75:3000
- Environments: .env.local
✓ Ready in 644ms

 GET / 200 in 364ms (next.js: 196ms, application-code: 169ms)
 GET /study?page=intro&username=sim-07-room-n-engaged&condition=n&scenario=roomDoubleBooking 200 in 171ms (next.js: 42ms, application-code: 129ms)
 GET /study?page=intro&username=sim-07-room-n-engaged&condition=n&scenario=roomDoubleBooking 200 in 73ms (next.js: 6ms, application-code: 67ms)
 POST /api/log 200 in 113ms (next.js: 75ms, application-code: 38ms)
 POST /api/log 200 in 14ms (next.js: 4ms, application-code: 9ms)
 GET /study?page=intro-survey&username=sim-07-room-n-engaged&condition=n&scenario=roomDoubleBooking 200 in 29ms (next.js: 4ms, application-code: 24ms)
 POST /api/log 200 in 10ms (next.js: 3ms, application-code: 7ms)
 POST /api/log 200 in 24ms (next.js: 10ms, application-code: 13ms)
 GET /study?page=start-task&username=sim-07-room-n-engaged&condition=n&scenario=roomDoubleBooking 200 in 61ms (next.js: 4ms, application-code: 56ms)
 POST /api/log 200 in 17ms (next.js: 3ms, application-code: 13ms)
 POST /api/log 200 in 23ms (next.js: 5ms, application-code: 17ms)
 GET /study?page=task&username=sim-07-room-n-engaged&condition=n&scenario=roomDoubleBooking 200 in 57ms (next.js: 6ms, application-code: 51ms)
 POST /api/log 200 in 16ms (next.js: 6ms, application-code: 10ms)
 POST /api/log 200 in 17ms (next.js: 6ms, application-code: 10ms)
 POST /api/log 200 in 13ms (next.js: 3ms, application-code: 9ms)
 POST /api/log 200 in 14ms (next.js: 4ms, application-code: 10ms)
 POST /api/log 200 in 24ms (next.js: 6ms, application-code: 18ms)
 POST /api/chat 200 in 1887ms
 POST /api/log 200 in 16ms (next.js: 4ms, application-code: 12ms)
 POST /api/log 200 in 10ms (next.js: 3ms, application-code: 7ms)
 POST /api/log 200 in 25ms (next.js: 3ms, application-code: 21ms)
 POST /api/chat 200 in 1583ms
 POST /api/log 200 in 13ms (next.js: 5ms, application-code: 9ms)
 POST /api/log 200 in 12ms (next.js: 4ms, application-code: 8ms)
 POST /api/log 200 in 36ms (next.js: 5ms, application-code: 31ms)
 POST /api/chat 200 in 1372ms
 POST /api/log 200 in 15ms (next.js: 5ms, application-code: 10ms)
 POST /api/log 200 in 20ms (next.js: 8ms, application-code: 12ms)
 POST /api/log 200 in 35ms (next.js: 5ms, application-code: 30ms)
 POST /api/chat 200 in 1616ms
 POST /api/log 200 in 11ms (next.js: 3ms, application-code: 8ms)
 POST /api/log 200 in 15ms (next.js: 6ms, application-code: 9ms)
 POST /api/log 200 in 12ms (next.js: 5ms, application-code: 7ms)
 POST /api/log 200 in 17ms (next.js: 6ms, application-code: 11ms)
 POST /api/log 200 in 17ms (next.js: 4ms, application-code: 13ms)
 POST /api/log 200 in 25ms (next.js: 10ms, application-code: 14ms)
 POST /api/log 200 in 9ms (next.js: 2ms, application-code: 7ms)
 POST /api/log 200 in 16ms (next.js: 5ms, application-code: 11ms)
 POST /api/log 200 in 21ms (next.js: 8ms, application-code: 13ms)
 POST /api/log 200 in 15ms (next.js: 5ms, application-code: 10ms)
 POST /api/log 200 in 19ms (next.js: 7ms, application-code: 12ms)
 POST /api/log 200 in 10ms (next.js: 2ms, application-code: 8ms)
 POST /api/log 200 in 17ms (next.js: 6ms, application-code: 11ms)
 POST /api/log 200 in 18ms (next.js: 4ms, application-code: 13ms)
 POST /api/log 200 in 18ms (next.js: 7ms, application-code: 11ms)
 POST /api/log 200 in 19ms (next.js: 7ms, application-code: 12ms)
 POST /api/log 200 in 27ms (next.js: 3ms, application-code: 24ms)
 POST /api/log 200 in 10ms (next.js: 4ms, application-code: 6ms)
 POST /api/log 200 in 19ms (next.js: 6ms, application-code: 12ms)
 POST /api/log 200 in 16ms (next.js: 5ms, application-code: 11ms)
 POST /api/log 200 in 18ms (next.js: 6ms, application-code: 12ms)
 POST /api/log 200 in 18ms (next.js: 6ms, application-code: 12ms)
 POST /api/log 200 in 11ms (next.js: 4ms, application-code: 7ms)
 POST /api/log 200 in 15ms (next.js: 5ms, application-code: 10ms)
 POST /api/log 200 in 17ms (next.js: 6ms, application-code: 10ms)
 POST /api/log 200 in 17ms (next.js: 7ms, application-code: 10ms)
 POST /api/log 200 in 20ms (next.js: 8ms, application-code: 12ms)
 POST /api/log 200 in 8ms (next.js: 3ms, application-code: 6ms)
 POST /api/log 200 in 17ms (next.js: 5ms, application-code: 11ms)
 POST /api/log 200 in 17ms (next.js: 6ms, application-code: 11ms)
 POST /api/log 200 in 19ms (next.js: 6ms, application-code: 13ms)
 POST /api/log 200 in 19ms (next.js: 7ms, application-code: 12ms)
 POST /api/log 200 in 10ms (next.js: 3ms, application-code: 7ms)
 POST /api/log 200 in 17ms (next.js: 5ms, application-code: 11ms)
 POST /api/log 200 in 18ms (next.js: 8ms, application-code: 10ms)
 POST /api/log 200 in 18ms (next.js: 7ms, application-code: 11ms)
 POST /api/log 200 in 20ms (next.js: 7ms, application-code: 13ms)
 POST /api/log 200 in 10ms (next.js: 2ms, application-code: 8ms)
 POST /api/log 200 in 18ms (next.js: 7ms, application-code: 10ms)
 POST /api/log 200 in 16ms (next.js: 6ms, application-code: 10ms)
 POST /api/log 200 in 19ms (next.js: 7ms, application-code: 12ms)
 POST /api/log 200 in 17ms (next.js: 5ms, application-code: 12ms)
 POST /api/log 200 in 11ms (next.js: 3ms, application-code: 8ms)
 POST /api/log 200 in 9ms (next.js: 2ms, application-code: 7ms)
 POST /api/log 200 in 19ms (next.js: 7ms, application-code: 11ms)
 POST /api/log 200 in 14ms (next.js: 4ms, application-code: 9ms)
 POST /api/log 200 in 9ms (next.js: 2ms, application-code: 6ms)
 POST /api/log 200 in 17ms (next.js: 5ms, application-code: 12ms)
 POST /api/log 200 in 15ms (next.js: 4ms, application-code: 11ms)
 POST /api/log 200 in 18ms (next.js: 8ms, application-code: 11ms)
 POST /api/log 200 in 19ms (next.js: 7ms, application-code: 11ms)
 POST /api/log 200 in 9ms (next.js: 2ms, application-code: 7ms)
 POST /api/log 200 in 17ms (next.js: 6ms, application-code: 11ms)
 POST /api/log 200 in 19ms (next.js: 9ms, application-code: 10ms)
 POST /api/log 200 in 24ms (next.js: 10ms, application-code: 14ms)
 POST /api/log 200 in 18ms (next.js: 8ms, application-code: 10ms)
 POST /api/log 200 in 10ms (next.js: 2ms, application-code: 8ms)
 POST /api/log 200 in 20ms (next.js: 7ms, application-code: 13ms)
 POST /api/log 200 in 18ms (next.js: 7ms, application-code: 11ms)
 POST /api/log 200 in 21ms (next.js: 8ms, application-code: 14ms)
 POST /api/log 200 in 16ms (next.js: 6ms, application-code: 10ms)
 POST /api/log 200 in 9ms (next.js: 2ms, application-code: 7ms)
 POST /api/log 200 in 15ms (next.js: 5ms, application-code: 10ms)
 POST /api/log 200 in 18ms (next.js: 6ms, application-code: 12ms)
 POST /api/log 200 in 16ms (next.js: 6ms, application-code: 10ms)
 POST /api/log 200 in 21ms (next.js: 9ms, application-code: 12ms)
 POST /api/log 200 in 10ms (next.js: 3ms, application-code: 7ms)
 POST /api/log 200 in 11ms (next.js: 4ms, application-code: 7ms)
 POST /api/log 200 in 17ms (next.js: 6ms, application-code: 11ms)
 POST /api/log 200 in 17ms (next.js: 6ms, application-code: 11ms)
 POST /api/log 200 in 17ms (next.js: 6ms, application-code: 11ms)
 POST /api/log 200 in 18ms (next.js: 7ms, application-code: 11ms)
 POST /api/log 200 in 9ms (next.js: 2ms, application-code: 6ms)
 POST /api/log 200 in 17ms (next.js: 6ms, application-code: 11ms)
 POST /api/log 200 in 19ms (next.js: 6ms, application-code: 13ms)
 POST /api/log 200 in 19ms (next.js: 7ms, application-code: 12ms)
 POST /api/log 200 in 17ms (next.js: 6ms, application-code: 11ms)
 POST /api/log 200 in 11ms (next.js: 2ms, application-code: 8ms)
 POST /api/log 200 in 15ms (next.js: 5ms, application-code: 11ms)
 POST /api/log 200 in 17ms (next.js: 6ms, application-code: 12ms)
 POST /api/log 200 in 18ms (next.js: 7ms, application-code: 11ms)
 POST /api/log 200 in 19ms (next.js: 8ms, application-code: 11ms)
 POST /api/log 200 in 10ms (next.js: 3ms, application-code: 7ms)
 POST /api/log 200 in 18ms (next.js: 6ms, application-code: 12ms)
 POST /api/log 200 in 17ms (next.js: 6ms, application-code: 12ms)
 POST /api/log 200 in 18ms (next.js: 7ms, application-code: 12ms)
 POST /api/log 200 in 15ms (next.js: 5ms, application-code: 10ms)
 POST /api/log 200 in 14ms (next.js: 6ms, application-code: 8ms)
 POST /api/log 200 in 14ms (next.js: 4ms, application-code: 10ms)
 POST /api/log 200 in 16ms (next.js: 6ms, application-code: 10ms)
 POST /api/log 200 in 17ms (next.js: 6ms, application-code: 11ms)
 POST /api/log 200 in 19ms (next.js: 7ms, application-code: 12ms)
 POST /api/log 200 in 18ms (next.js: 6ms, application-code: 12ms)
 POST /api/log 200 in 8ms (next.js: 3ms, application-code: 5ms)
 POST /api/log 200 in 17ms (next.js: 5ms, application-code: 12ms)
 POST /api/log 200 in 18ms (next.js: 5ms, application-code: 13ms)
 POST /api/log 200 in 18ms (next.js: 6ms, application-code: 12ms)
 POST /api/log 200 in 17ms (next.js: 5ms, application-code: 12ms)
 POST /api/log 200 in 10ms (next.js: 3ms, application-code: 6ms)
 POST /api/log 200 in 17ms (next.js: 5ms, application-code: 12ms)
 POST /api/log 200 in 16ms (next.js: 6ms, application-code: 10ms)
 POST /api/log 200 in 16ms (next.js: 6ms, application-code: 10ms)
 POST /api/log 200 in 21ms (next.js: 12ms, application-code: 9ms)
 POST /api/log 200 in 10ms (next.js: 2ms, application-code: 7ms)
 POST /api/log 200 in 17ms (next.js: 6ms, application-code: 11ms)
 POST /api/log 200 in 17ms (next.js: 6ms, application-code: 11ms)
 POST /api/log 200 in 18ms (next.js: 7ms, application-code: 11ms)
 POST /api/log 200 in 18ms (next.js: 5ms, application-code: 13ms)
 POST /api/log 200 in 9ms (next.js: 3ms, application-code: 7ms)
 POST /api/log 200 in 17ms (next.js: 5ms, application-code: 12ms)
 POST /api/log 200 in 20ms (next.js: 7ms, application-code: 12ms)
 POST /api/log 200 in 16ms (next.js: 5ms, application-code: 11ms)
 POST /api/log 200 in 20ms (next.js: 9ms, application-code: 11ms)
 POST /api/log 200 in 12ms (next.js: 4ms, application-code: 8ms)
 POST /api/log 200 in 9ms (next.js: 3ms, application-code: 6ms)
 POST /api/log 200 in 15ms (next.js: 4ms, application-code: 11ms)
 POST /api/log 200 in 17ms (next.js: 6ms, application-code: 11ms)
 POST /api/log 200 in 18ms (next.js: 6ms, application-code: 12ms)
 POST /api/log 200 in 16ms (next.js: 5ms, application-code: 11ms)
 POST /api/log 200 in 8ms (next.js: 3ms, application-code: 6ms)
 POST /api/log 200 in 15ms (next.js: 4ms, application-code: 11ms)
 POST /api/log 200 in 16ms (next.js: 5ms, application-code: 10ms)
 POST /api/log 200 in 17ms (next.js: 5ms, application-code: 12ms)
 POST /api/log 200 in 17ms (next.js: 6ms, application-code: 11ms)
 POST /api/log 200 in 7ms (next.js: 2ms, application-code: 5ms)
 POST /api/log 200 in 16ms (next.js: 4ms, application-code: 11ms)
 POST /api/log 200 in 17ms (next.js: 6ms, application-code: 11ms)
 POST /api/log 200 in 18ms (next.js: 7ms, application-code: 11ms)
 POST /api/log 200 in 15ms (next.js: 6ms, application-code: 9ms)
 POST /api/log 200 in 9ms (next.js: 2ms, application-code: 6ms)
 POST /api/log 200 in 18ms (next.js: 6ms, application-code: 12ms)
 POST /api/log 200 in 17ms (next.js: 7ms, application-code: 11ms)
 POST /api/log 200 in 29ms (next.js: 10ms, application-code: 19ms)
 POST /api/log 200 in 18ms (next.js: 7ms, application-code: 11ms)
 POST /api/log 200 in 9ms (next.js: 2ms, application-code: 7ms)
 POST /api/log 200 in 18ms (next.js: 7ms, application-code: 11ms)
 POST /api/log 200 in 17ms (next.js: 5ms, application-code: 12ms)
 POST /api/log 200 in 19ms (next.js: 7ms, application-code: 11ms)
 POST /api/log 200 in 16ms (next.js: 5ms, application-code: 11ms)
 POST /api/log 200 in 9ms (next.js: 2ms, application-code: 7ms)
 POST /api/log 200 in 17ms (next.js: 6ms, application-code: 10ms)
 POST /api/log 200 in 18ms (next.js: 6ms, application-code: 11ms)
 POST /api/log 200 in 16ms (next.js: 5ms, application-code: 11ms)
 POST /api/log 200 in 18ms (next.js: 7ms, application-code: 11ms)
 POST /api/log 200 in 10ms (next.js: 2ms, application-code: 8ms)
 POST /api/log 200 in 7ms (next.js: 2ms, application-code: 5ms)
 POST /api/log 200 in 16ms (next.js: 4ms, application-code: 12ms)
 POST /api/log 200 in 17ms (next.js: 6ms, application-code: 11ms)
 POST /api/log 200 in 17ms (next.js: 5ms, application-code: 12ms)
 POST /api/log 200 in 17ms (next.js: 6ms, application-code: 11ms)
 POST /api/log 200 in 13ms (next.js: 4ms, application-code: 9ms)
 POST /api/log 200 in 19ms (next.js: 7ms, application-code: 11ms)
 POST /api/log 200 in 17ms (next.js: 6ms, application-code: 11ms)
 POST /api/log 200 in 19ms (next.js: 7ms, application-code: 12ms)
 POST /api/log 200 in 18ms (next.js: 5ms, application-code: 14ms)
 POST /api/log 200 in 8ms (next.js: 2ms, application-code: 6ms)
 POST /api/log 200 in 17ms (next.js: 5ms, application-code: 12ms)
 POST /api/log 200 in 16ms (next.js: 5ms, application-code: 11ms)
 POST /api/log 200 in 17ms (next.js: 5ms, application-code: 11ms)
 POST /api/log 200 in 20ms (next.js: 7ms, application-code: 13ms)
 POST /api/log 200 in 10ms (next.js: 3ms, application-code: 6ms)
 POST /api/log 200 in 17ms (next.js: 5ms, application-code: 11ms)
 POST /api/log 200 in 16ms (next.js: 5ms, application-code: 11ms)
 POST /api/log 200 in 17ms (next.js: 6ms, application-code: 10ms)
 POST /api/log 200 in 17ms (next.js: 5ms, application-code: 11ms)
 POST /api/log 200 in 8ms (next.js: 1798µs, application-code: 6ms)
 POST /api/log 200 in 11ms (next.js: 4ms, application-code: 6ms)
 POST /api/log 200 in 16ms (next.js: 4ms, application-code: 12ms)
 POST /api/log 200 in 18ms (next.js: 6ms, application-code: 12ms)
 POST /api/log 200 in 17ms (next.js: 6ms, application-code: 11ms)
 POST /api/log 200 in 19ms (next.js: 8ms, application-code: 11ms)
 POST /api/log 200 in 7ms (next.js: 1975µs, application-code: 5ms)
 POST /api/log 200 in 16ms (next.js: 5ms, application-code: 12ms)
 POST /api/log 200 in 18ms (next.js: 6ms, application-code: 12ms)
 POST /api/log 200 in 16ms (next.js: 4ms, application-code: 12ms)
 POST /api/log 200 in 19ms (next.js: 6ms, application-code: 12ms)
 POST /api/log 200 in 8ms (next.js: 2ms, application-code: 6ms)
 POST /api/log 200 in 15ms (next.js: 5ms, application-code: 10ms)
 POST /api/log 200 in 17ms (next.js: 6ms, application-code: 11ms)
 POST /api/log 200 in 17ms (next.js: 6ms, application-code: 11ms)
 POST /api/log 200 in 17ms (next.js: 6ms, application-code: 11ms)
 POST /api/log 200 in 9ms (next.js: 2ms, application-code: 7ms)
 POST /api/log 200 in 17ms (next.js: 6ms, application-code: 11ms)
 POST /api/log 200 in 17ms (next.js: 5ms, application-code: 12ms)
 POST /api/log 200 in 18ms (next.js: 4ms, application-code: 13ms)
 POST /api/log 200 in 37ms (next.js: 12ms, application-code: 26ms)
 POST /api/log 200 in 12ms (next.js: 3ms, application-code: 8ms)
 POST /api/log 200 in 17ms (next.js: 6ms, application-code: 11ms)
 POST /api/log 200 in 17ms (next.js: 4ms, application-code: 12ms)
 POST /api/log 200 in 19ms (next.js: 7ms, application-code: 12ms)
 POST /api/log 200 in 18ms (next.js: 5ms, application-code: 12ms)
 POST /api/log 200 in 14ms (next.js: 5ms, application-code: 8ms)
 POST /api/log 200 in 14ms (next.js: 5ms, application-code: 9ms)
 POST /api/log 200 in 16ms (next.js: 5ms, application-code: 11ms)
 POST /api/log 200 in 19ms (next.js: 6ms, application-code: 12ms)
 POST /api/log 200 in 18ms (next.js: 6ms, application-code: 12ms)
 POST /api/log 200 in 19ms (next.js: 6ms, application-code: 13ms)
 POST /api/log 200 in 11ms (next.js: 4ms, application-code: 7ms)
 POST /api/log 200 in 16ms (next.js: 6ms, application-code: 10ms)
 POST /api/log 200 in 17ms (next.js: 4ms, application-code: 12ms)
 POST /api/log 200 in 16ms (next.js: 6ms, application-code: 10ms)
 POST /api/log 200 in 19ms (next.js: 7ms, application-code: 12ms)
 POST /api/log 200 in 8ms (next.js: 2ms, application-code: 6ms)
 POST /api/log 200 in 17ms (next.js: 4ms, application-code: 13ms)
 POST /api/log 200 in 9ms (next.js: 2ms, application-code: 7ms)
 POST /api/log 200 in 18ms (next.js: 6ms, application-code: 12ms)
 POST /api/log 200 in 17ms (next.js: 5ms, application-code: 12ms)
 POST /api/log 200 in 18ms (next.js: 6ms, application-code: 12ms)
 POST /api/log 200 in 18ms (next.js: 7ms, application-code: 11ms)
 POST /api/log 200 in 8ms (next.js: 2ms, application-code: 6ms)
 POST /api/log 200 in 18ms (next.js: 6ms, application-code: 12ms)
 POST /api/log 200 in 18ms (next.js: 6ms, application-code: 13ms)
 POST /api/log 200 in 16ms (next.js: 4ms, application-code: 12ms)
 POST /api/log 200 in 17ms (next.js: 5ms, application-code: 12ms)
 POST /api/log 200 in 8ms (next.js: 2ms, application-code: 6ms)
 POST /api/log 200 in 9ms (next.js: 2ms, application-code: 7ms)
 POST /api/log 200 in 18ms (next.js: 7ms, application-code: 11ms)
 POST /api/log 200 in 16ms (next.js: 6ms, application-code: 10ms)
 POST /api/log 200 in 16ms (next.js: 5ms, application-code: 11ms)
 POST /api/log 200 in 20ms (next.js: 7ms, application-code: 13ms)
 POST /api/log 200 in 14ms (next.js: 6ms, application-code: 8ms)
 POST /api/log 200 in 36ms (next.js: 10ms, application-code: 26ms)
 POST /api/log 200 in 31ms (next.js: 13ms, application-code: 18ms)
 POST /api/log 200 in 21ms (next.js: 6ms, application-code: 15ms)
 POST /api/log 200 in 16ms (next.js: 4ms, application-code: 12ms)
 POST /api/log 200 in 10ms (next.js: 3ms, application-code: 7ms)
 POST /api/log 200 in 14ms (next.js: 4ms, application-code: 10ms)
 POST /api/log 200 in 21ms (next.js: 9ms, application-code: 12ms)
 POST /api/log 200 in 17ms (next.js: 6ms, application-code: 11ms)
 POST /api/log 200 in 21ms (next.js: 7ms, application-code: 14ms)
 POST /api/log 200 in 9ms (next.js: 3ms, application-code: 6ms)
 POST /api/log 200 in 18ms (next.js: 6ms, application-code: 12ms)
 POST /api/log 200 in 21ms (next.js: 6ms, application-code: 15ms)
 POST /api/log 200 in 24ms (next.js: 6ms, application-code: 18ms)
 POST /api/log 200 in 18ms (next.js: 6ms, application-code: 13ms)
 POST /api/log 200 in 12ms (next.js: 4ms, application-code: 8ms)
 POST /api/log 200 in 17ms (next.js: 5ms, application-code: 12ms)
 POST /api/log 200 in 18ms (next.js: 5ms, application-code: 13ms)
 POST /api/log 200 in 18ms (next.js: 6ms, application-code: 12ms)
 POST /api/log 200 in 19ms (next.js: 6ms, application-code: 13ms)
 POST /api/log 200 in 11ms (next.js: 4ms, application-code: 8ms)
 POST /api/log 200 in 8ms (next.js: 2ms, application-code: 6ms)
 POST /api/log 200 in 18ms (next.js: 6ms, application-code: 12ms)
 POST /api/log 200 in 17ms (next.js: 7ms, application-code: 10ms)
 POST /api/log 200 in 18ms (next.js: 5ms, application-code: 13ms)
 POST /api/log 200 in 17ms (next.js: 5ms, application-code: 12ms)
 POST /api/log 200 in 8ms (next.js: 3ms, application-code: 5ms)
 POST /api/log 200 in 8ms (next.js: 3ms, application-code: 5ms)
 POST /api/log 200 in 14ms (next.js: 4ms, application-code: 10ms)
 POST /api/log 200 in 18ms (next.js: 9ms, application-code: 9ms)
 POST /api/log 200 in 18ms (next.js: 5ms, application-code: 13ms)
 POST /api/log 200 in 17ms (next.js: 4ms, application-code: 13ms)
 POST /api/log 200 in 29ms (next.js: 4ms, application-code: 25ms)
 POST /api/log 200 in 17ms (next.js: 5ms, application-code: 12ms)
 POST /api/log 200 in 17ms (next.js: 6ms, application-code: 11ms)
 POST /api/log 200 in 16ms (next.js: 6ms, application-code: 10ms)
 POST /api/log 200 in 14ms (next.js: 4ms, application-code: 10ms)
 POST /api/log 200 in 9ms (next.js: 3ms, application-code: 6ms)
 POST /api/log 200 in 8ms (next.js: 1893µs, application-code: 6ms)
 POST /api/log 200 in 18ms (next.js: 8ms, application-code: 10ms)
 POST /api/log 200 in 46ms (next.js: 14ms, application-code: 32ms)
 POST /api/log 200 in 17ms (next.js: 6ms, application-code: 11ms)
 POST /api/log 200 in 18ms (next.js: 7ms, application-code: 11ms)
 POST /api/log 200 in 9ms (next.js: 4ms, application-code: 6ms)
 POST /api/log 200 in 18ms (next.js: 6ms, application-code: 12ms)
 POST /api/log 200 in 16ms (next.js: 5ms, application-code: 11ms)
 POST /api/log 200 in 16ms (next.js: 6ms, application-code: 11ms)
 POST /api/log 200 in 14ms (next.js: 5ms, application-code: 9ms)
 POST /api/log 200 in 7ms (next.js: 2ms, application-code: 5ms)
 POST /api/log 200 in 17ms (next.js: 4ms, application-code: 12ms)
 POST /api/log 200 in 19ms (next.js: 4ms, application-code: 15ms)
 POST /api/log 200 in 17ms (next.js: 6ms, application-code: 11ms)
 POST /api/log 200 in 16ms (next.js: 4ms, application-code: 12ms)
 POST /api/log 200 in 8ms (next.js: 2ms, application-code: 6ms)
 POST /api/log 200 in 17ms (next.js: 6ms, application-code: 11ms)
 POST /api/log 200 in 17ms (next.js: 6ms, application-code: 11ms)
 POST /api/log 200 in 17ms (next.js: 7ms, application-code: 11ms)
 POST /api/log 200 in 18ms (next.js: 6ms, application-code: 12ms)
 POST /api/log 200 in 9ms (next.js: 3ms, application-code: 6ms)
 POST /api/log 200 in 22ms (next.js: 8ms, application-code: 14ms)
 POST /api/log 200 in 18ms (next.js: 6ms, application-code: 12ms)
 POST /api/log 200 in 17ms (next.js: 4ms, application-code: 12ms)
 POST /api/log 200 in 18ms (next.js: 5ms, application-code: 13ms)
 POST /api/log 200 in 9ms (next.js: 2ms, application-code: 6ms)
 POST /api/log 200 in 9ms (next.js: 2ms, application-code: 7ms)
 POST /api/log 200 in 15ms (next.js: 4ms, application-code: 11ms)
 POST /api/log 200 in 15ms (next.js: 6ms, application-code: 10ms)
 POST /api/log 200 in 17ms (next.js: 6ms, application-code: 11ms)
 POST /api/log 200 in 16ms (next.js: 6ms, application-code: 10ms)
 POST /api/log 200 in 9ms (next.js: 3ms, application-code: 6ms)
 POST /api/log 200 in 16ms (next.js: 5ms, application-code: 11ms)
 POST /api/log 200 in 17ms (next.js: 5ms, application-code: 12ms)
 POST /api/log 200 in 19ms (next.js: 6ms, application-code: 13ms)
 POST /api/log 200 in 15ms (next.js: 4ms, application-code: 11ms)
 POST /api/log 200 in 9ms (next.js: 3ms, application-code: 6ms)
 POST /api/log 200 in 18ms (next.js: 5ms, application-code: 13ms)
 POST /api/log 200 in 19ms (next.js: 7ms, application-code: 13ms)
 POST /api/log 200 in 18ms (next.js: 5ms, application-code: 13ms)
 POST /api/log 200 in 17ms (next.js: 6ms, application-code: 11ms)
 POST /api/log 200 in 8ms (next.js: 1845µs, application-code: 6ms)
 POST /api/log 200 in 18ms (next.js: 5ms, application-code: 14ms)
 POST /api/log 200 in 16ms (next.js: 6ms, application-code: 10ms)
 POST /api/log 200 in 16ms (next.js: 6ms, application-code: 10ms)
 POST /api/log 200 in 18ms (next.js: 6ms, application-code: 12ms)
 POST /api/log 200 in 9ms (next.js: 3ms, application-code: 6ms)
 POST /api/log 200 in 12ms (next.js: 3ms, application-code: 9ms)
 POST /api/log 200 in 17ms (next.js: 6ms, application-code: 11ms)
 POST /api/log 200 in 17ms (next.js: 7ms, application-code: 10ms)
 POST /api/log 200 in 18ms (next.js: 6ms, application-code: 11ms)
 POST /api/log 200 in 16ms (next.js: 6ms, application-code: 10ms)
 POST /api/log 200 in 8ms (next.js: 2ms, application-code: 5ms)
 POST /api/log 200 in 17ms (next.js: 6ms, application-code: 11ms)
 POST /api/log 200 in 18ms (next.js: 5ms, application-code: 12ms)
 POST /api/log 200 in 17ms (next.js: 5ms, application-code: 12ms)
 POST /api/log 200 in 16ms (next.js: 5ms, application-code: 11ms)
 POST /api/log 200 in 16ms (next.js: 4ms, application-code: 11ms)
 POST /api/log 200 in 20ms (next.js: 10ms, application-code: 10ms)
 POST /api/log 200 in 17ms (next.js: 6ms, application-code: 11ms)
 POST /api/log 200 in 15ms (next.js: 4ms, application-code: 11ms)
 POST /api/log 200 in 10ms (next.js: 3ms, application-code: 7ms)
 POST /api/log 200 in 16ms (next.js: 5ms, application-code: 11ms)
 POST /api/log 200 in 17ms (next.js: 6ms, application-code: 11ms)
 POST /api/log 200 in 16ms (next.js: 4ms, application-code: 12ms)
 POST /api/log 200 in 18ms (next.js: 6ms, application-code: 12ms)
 POST /api/log 200 in 9ms (next.js: 1843µs, application-code: 7ms)
 POST /api/log 200 in 8ms (next.js: 2ms, application-code: 5ms)
 POST /api/log 200 in 18ms (next.js: 7ms, application-code: 11ms)
 POST /api/log 200 in 17ms (next.js: 5ms, application-code: 12ms)
 POST /api/log 200 in 17ms (next.js: 4ms, application-code: 13ms)
 POST /api/log 200 in 19ms (next.js: 6ms, application-code: 13ms)
 POST /api/log 200 in 7ms (next.js: 2ms, application-code: 5ms)
 POST /api/log 200 in 13ms (next.js: 4ms, application-code: 9ms)
 POST /api/log 200 in 17ms (next.js: 5ms, application-code: 12ms)
 POST /api/log 200 in 16ms (next.js: 6ms, application-code: 11ms)
 POST /api/log 200 in 17ms (next.js: 5ms, application-code: 12ms)
 POST /api/log 200 in 7ms (next.js: 2ms, application-code: 5ms)
 POST /api/log 200 in 16ms (next.js: 6ms, application-code: 10ms)
 POST /api/log 200 in 20ms (next.js: 6ms, application-code: 14ms)
 POST /api/log 200 in 17ms (next.js: 5ms, application-code: 11ms)
 POST /api/log 200 in 17ms (next.js: 6ms, application-code: 11ms)
 POST /api/log 200 in 8ms (next.js: 2ms, application-code: 5ms)
 POST /api/log 200 in 18ms (next.js: 6ms, application-code: 12ms)
 POST /api/log 200 in 19ms (next.js: 7ms, application-code: 12ms)
 POST /api/log 200 in 17ms (next.js: 4ms, application-code: 13ms)
 POST /api/log 200 in 17ms (next.js: 5ms, application-code: 12ms)
 POST /api/log 200 in 7ms (next.js: 2ms, application-code: 5ms)
 POST /api/log 200 in 10ms (next.js: 3ms, application-code: 7ms)
 POST /api/log 200 in 13ms (next.js: 5ms, application-code: 8ms)
 POST /api/log 200 in 45ms (next.js: 15ms, application-code: 30ms)
 POST /api/log 200 in 17ms (next.js: 6ms, application-code: 12ms)
 POST /api/log 200 in 17ms (next.js: 6ms, application-code: 11ms)
 POST /api/log 200 in 7ms (next.js: 2ms, application-code: 5ms)
 POST /api/log 200 in 17ms (next.js: 5ms, application-code: 12ms)
 POST /api/log 200 in 25ms (next.js: 7ms, application-code: 18ms)
 POST /api/log 200 in 19ms (next.js: 7ms, application-code: 11ms)
 POST /api/log 200 in 18ms (next.js: 6ms, application-code: 12ms)
 POST /api/log 200 in 8ms (next.js: 2ms, application-code: 5ms)
 POST /api/log 200 in 17ms (next.js: 5ms, application-code: 12ms)
 POST /api/log 200 in 16ms (next.js: 5ms, application-code: 11ms)
 POST /api/log 200 in 16ms (next.js: 6ms, application-code: 10ms)
 POST /api/log 200 in 19ms (next.js: 7ms, application-code: 12ms)
 POST /api/log 200 in 8ms (next.js: 1684µs, application-code: 6ms)
 POST /api/log 200 in 17ms (next.js: 4ms, application-code: 13ms)
 POST /api/log 200 in 16ms (next.js: 4ms, application-code: 12ms)
 POST /api/log 200 in 17ms (next.js: 5ms, application-code: 12ms)
 POST /api/log 200 in 17ms (next.js: 4ms, application-code: 13ms)
 POST /api/log 200 in 8ms (next.js: 2ms, application-code: 6ms)
 POST /api/log 200 in 15ms (next.js: 4ms, application-code: 11ms)
 POST /api/log 200 in 18ms (next.js: 6ms, application-code: 12ms)
 POST /api/log 200 in 17ms (next.js: 6ms, application-code: 11ms)
 POST /api/log 200 in 17ms (next.js: 6ms, application-code: 11ms)
 POST /api/log 200 in 9ms (next.js: 2ms, application-code: 7ms)
 POST /api/log 200 in 8ms (next.js: 2ms, application-code: 6ms)
 POST /api/log 200 in 16ms (next.js: 6ms, application-code: 11ms)
 POST /api/log 200 in 22ms (next.js: 10ms, application-code: 11ms)
 POST /api/log 200 in 18ms (next.js: 6ms, application-code: 11ms)
 POST /api/log 200 in 10ms (next.js: 3ms, application-code: 7ms)
 POST /api/log 200 in 17ms (next.js: 5ms, application-code: 12ms)
 POST /api/log 200 in 20ms (next.js: 7ms, application-code: 13ms)
 POST /api/log 200 in 18ms (next.js: 7ms, application-code: 11ms)
 POST /api/log 200 in 18ms (next.js: 6ms, application-code: 12ms)
 POST /api/log 200 in 8ms (next.js: 3ms, application-code: 6ms)
 POST /api/log 200 in 16ms (next.js: 6ms, application-code: 11ms)
 POST /api/log 200 in 20ms (next.js: 7ms, application-code: 13ms)
 POST /api/log 200 in 18ms (next.js: 6ms, application-code: 12ms)
 POST /api/log 200 in 19ms (next.js: 6ms, application-code: 13ms)
 POST /api/log 200 in 9ms (next.js: 2ms, application-code: 6ms)
 POST /api/log 200 in 15ms (next.js: 4ms, application-code: 11ms)
 POST /api/log 200 in 16ms (next.js: 5ms, application-code: 11ms)
 POST /api/log 200 in 18ms (next.js: 4ms, application-code: 14ms)
 POST /api/log 200 in 19ms (next.js: 5ms, application-code: 14ms)
 POST /api/log 200 in 12ms (next.js: 4ms, application-code: 9ms)
 POST /api/log 200 in 8ms (next.js: 2ms, application-code: 6ms)
 POST /api/log 200 in 18ms (next.js: 4ms, application-code: 14ms)
 POST /api/log 200 in 22ms (next.js: 7ms, application-code: 15ms)
 POST /api/log 200 in 29ms (next.js: 5ms, application-code: 24ms)
 POST /api/log 200 in 17ms (next.js: 5ms, application-code: 12ms)
 POST /api/log 200 in 7ms (next.js: 2ms, application-code: 5ms)
 POST /api/log 200 in 17ms (next.js: 6ms, application-code: 11ms)
 POST /api/log 200 in 19ms (next.js: 6ms, application-code: 13ms)
 POST /api/log 200 in 17ms (next.js: 5ms, application-code: 12ms)
 POST /api/log 200 in 20ms (next.js: 6ms, application-code: 14ms)
 POST /api/log 200 in 10ms (next.js: 3ms, application-code: 7ms)
 POST /api/log 200 in 17ms (next.js: 5ms, application-code: 11ms)
 POST /api/log 200 in 17ms (next.js: 7ms, application-code: 10ms)
 POST /api/log 200 in 16ms (next.js: 5ms, application-code: 11ms)
 POST /api/log 200 in 17ms (next.js: 6ms, application-code: 11ms)
 POST /api/log 200 in 7ms (next.js: 2ms, application-code: 5ms)
 POST /api/log 200 in 16ms (next.js: 4ms, application-code: 11ms)
 POST /api/log 200 in 20ms (next.js: 9ms, application-code: 12ms)
 POST /api/log 200 in 18ms (next.js: 7ms, application-code: 11ms)
 POST /api/log 200 in 18ms (next.js: 7ms, application-code: 11ms)
 POST /api/log 200 in 7ms (next.js: 2ms, application-code: 5ms)
 POST /api/log 200 in 16ms (next.js: 6ms, application-code: 10ms)
 POST /api/log 200 in 17ms (next.js: 5ms, application-code: 12ms)
 POST /api/log 200 in 18ms (next.js: 6ms, application-code: 12ms)
 POST /api/log 200 in 16ms (next.js: 6ms, application-code: 10ms)
 POST /api/log 200 in 7ms (next.js: 2ms, application-code: 5ms)
 POST /api/log 200 in 17ms (next.js: 6ms, application-code: 10ms)
 POST /api/log 200 in 16ms (next.js: 5ms, application-code: 11ms)
 POST /api/log 200 in 20ms (next.js: 8ms, application-code: 12ms)
 POST /api/log 200 in 17ms (next.js: 8ms, application-code: 9ms)
 POST /api/log 200 in 11ms (next.js: 4ms, application-code: 7ms)
 POST /api/log 200 in 17ms (next.js: 6ms, application-code: 10ms)
 POST /api/log 200 in 16ms (next.js: 5ms, application-code: 11ms)
 POST /api/log 200 in 15ms (next.js: 5ms, application-code: 10ms)
 POST /api/log 200 in 18ms (next.js: 6ms, application-code: 11ms)
 POST /api/log 200 in 10ms (next.js: 1975µs, application-code: 8ms)
 POST /api/log 200 in 12ms (next.js: 5ms, application-code: 7ms)
 POST /api/log 200 in 18ms (next.js: 5ms, application-code: 14ms)
 POST /api/log 200 in 15ms (next.js: 6ms, application-code: 9ms)
 POST /api/log 200 in 19ms (next.js: 7ms, application-code: 12ms)
 POST /api/log 200 in 16ms (next.js: 5ms, application-code: 12ms)
 POST /api/log 200 in 8ms (next.js: 3ms, application-code: 6ms)
 POST /api/log 200 in 20ms (next.js: 6ms, application-code: 15ms)
 POST /api/log 200 in 17ms (next.js: 5ms, application-code: 12ms)
 POST /api/log 200 in 16ms (next.js: 5ms, application-code: 11ms)
 POST /api/log 200 in 16ms (next.js: 5ms, application-code: 11ms)
 POST /api/log 200 in 25ms (next.js: 19ms, application-code: 6ms)
 POST /api/log 200 in 17ms (next.js: 5ms, application-code: 12ms)
 POST /api/log 200 in 20ms (next.js: 7ms, application-code: 13ms)
 POST /api/log 200 in 17ms (next.js: 7ms, application-code: 10ms)
 POST /api/log 200 in 17ms (next.js: 6ms, application-code: 11ms)
 POST /api/log 200 in 9ms (next.js: 3ms, application-code: 6ms)
 POST /api/log 200 in 16ms (next.js: 5ms, application-code: 11ms)
 POST /api/log 200 in 17ms (next.js: 6ms, application-code: 11ms)
 POST /api/log 200 in 16ms (next.js: 5ms, application-code: 11ms)
 POST /api/log 200 in 17ms (next.js: 6ms, application-code: 11ms)
 POST /api/log 200 in 8ms (next.js: 2ms, application-code: 6ms)
 POST /api/log 200 in 18ms (next.js: 5ms, application-code: 13ms)
 POST /api/log 200 in 17ms (next.js: 6ms, application-code: 11ms)
 POST /api/log 200 in 16ms (next.js: 6ms, application-code: 11ms)
 POST /api/log 200 in 18ms (next.js: 7ms, application-code: 11ms)
 POST /api/log 200 in 11ms (next.js: 4ms, application-code: 7ms)
 POST /api/log 200 in 18ms (next.js: 6ms, application-code: 13ms)
 POST /api/log 200 in 17ms (next.js: 6ms, application-code: 11ms)
 POST /api/log 200 in 18ms (next.js: 6ms, application-code: 12ms)
 POST /api/log 200 in 19ms (next.js: 9ms, application-code: 10ms)
 POST /api/log 200 in 8ms (next.js: 2ms, application-code: 5ms)
 POST /api/log 200 in 18ms (next.js: 6ms, application-code: 12ms)
 POST /api/log 200 in 20ms (next.js: 6ms, application-code: 14ms)
 POST /api/log 200 in 17ms (next.js: 6ms, application-code: 11ms)
 POST /api/log 200 in 19ms (next.js: 7ms, application-code: 13ms)
 POST /api/log 200 in 11ms (next.js: 3ms, application-code: 8ms)
 POST /api/log 200 in 17ms (next.js: 4ms, application-code: 13ms)
 POST /api/log 200 in 19ms (next.js: 8ms, application-code: 11ms)
 POST /api/log 200 in 17ms (next.js: 6ms, application-code: 11ms)
 POST /api/log 200 in 18ms (next.js: 6ms, application-code: 12ms)
 POST /api/log 200 in 9ms (next.js: 4ms, application-code: 6ms)
 POST /api/log 200 in 18ms (next.js: 6ms, application-code: 11ms)
 POST /api/log 200 in 14ms (next.js: 5ms, application-code: 9ms)
 POST /api/log 200 in 17ms (next.js: 7ms, application-code: 11ms)
 POST /api/log 200 in 17ms (next.js: 5ms, application-code: 11ms)
 POST /api/log 200 in 14ms (next.js: 5ms, application-code: 9ms)
 POST /api/log 200 in 19ms (next.js: 6ms, application-code: 13ms)
 POST /api/log 200 in 16ms (next.js: 5ms, application-code: 11ms)
 POST /api/log 200 in 17ms (next.js: 6ms, application-code: 11ms)
 POST /api/log 200 in 19ms (next.js: 6ms, application-code: 13ms)
 POST /api/log 200 in 11ms (next.js: 4ms, application-code: 7ms)
 POST /api/log 200 in 10ms (next.js: 2ms, application-code: 7ms)
 POST /api/log 200 in 16ms (next.js: 6ms, application-code: 10ms)
 POST /api/log 200 in 17ms (next.js: 6ms, application-code: 11ms)
 POST /api/log 200 in 16ms (next.js: 5ms, application-code: 11ms)
 POST /api/log 200 in 19ms (next.js: 7ms, application-code: 12ms)
 POST /api/log 200 in 8ms (next.js: 2ms, application-code: 6ms)
 POST /api/log 200 in 17ms (next.js: 6ms, application-code: 10ms)
 POST /api/log 200 in 23ms (next.js: 7ms, application-code: 16ms)
 POST /api/log 200 in 17ms (next.js: 5ms, application-code: 13ms)
 POST /api/log 200 in 16ms (next.js: 6ms, application-code: 10ms)
 POST /api/log 200 in 7ms (next.js: 1802µs, application-code: 5ms)
 POST /api/log 200 in 19ms (next.js: 7ms, application-code: 13ms)
 POST /api/log 200 in 17ms (next.js: 5ms, application-code: 11ms)
 POST /api/log 200 in 19ms (next.js: 10ms, application-code: 9ms)
 POST /api/log 200 in 18ms (next.js: 6ms, application-code: 12ms)
 POST /api/log 200 in 7ms (next.js: 2ms, application-code: 5ms)
 POST /api/log 200 in 17ms (next.js: 5ms, application-code: 12ms)
 POST /api/log 200 in 18ms (next.js: 6ms, application-code: 12ms)
 POST /api/log 200 in 18ms (next.js: 6ms, application-code: 12ms)
 POST /api/log 200 in 16ms (next.js: 5ms, application-code: 11ms)
 POST /api/log 200 in 12ms (next.js: 3ms, application-code: 9ms)
 POST /api/log 200 in 9ms (next.js: 3ms, application-code: 6ms)
 POST /api/log 200 in 49ms (next.js: 4ms, application-code: 45ms)
 POST /api/chat 200 in 1611ms
 POST /api/log 200 in 15ms (next.js: 5ms, application-code: 10ms)
 POST /api/log 200 in 16ms (next.js: 5ms, application-code: 11ms)
 POST /api/log 200 in 13ms (next.js: 3ms, application-code: 10ms)
 POST /api/log 200 in 17ms (next.js: 5ms, application-code: 12ms)
 POST /api/log 200 in 18ms (next.js: 6ms, application-code: 11ms)
 POST /api/log 200 in 19ms (next.js: 8ms, application-code: 11ms)
 POST /api/log 200 in 15ms (next.js: 5ms, application-code: 10ms)
 POST /api/log 200 in 8ms (next.js: 2ms, application-code: 6ms)
 POST /api/log 200 in 16ms (next.js: 5ms, application-code: 10ms)
 POST /api/log 200 in 16ms (next.js: 5ms, application-code: 11ms)
 POST /api/log 200 in 20ms (next.js: 8ms, application-code: 11ms)
 POST /api/log 200 in 16ms (next.js: 5ms, application-code: 11ms)
 POST /api/log 200 in 16ms (next.js: 3ms, application-code: 13ms)
 POST /api/log 200 in 19ms (next.js: 7ms, application-code: 12ms)
 POST /api/log 200 in 16ms (next.js: 6ms, application-code: 10ms)
 POST /api/log 200 in 15ms (next.js: 4ms, application-code: 11ms)
 POST /api/log 200 in 19ms (next.js: 8ms, application-code: 11ms)
 POST /api/log 200 in 9ms (next.js: 2ms, application-code: 6ms)
 POST /api/log 200 in 7ms (next.js: 2ms, application-code: 5ms)
 POST /api/log 200 in 15ms (next.js: 5ms, application-code: 10ms)
 POST /api/log 200 in 16ms (next.js: 5ms, application-code: 11ms)
 POST /api/log 200 in 19ms (next.js: 6ms, application-code: 13ms)
 POST /api/log 200 in 19ms (next.js: 7ms, application-code: 12ms)
 POST /api/log 200 in 8ms (next.js: 3ms, application-code: 6ms)
 POST /api/log 200 in 18ms (next.js: 7ms, application-code: 10ms)
 POST /api/log 200 in 17ms (next.js: 6ms, application-code: 11ms)
 POST /api/log 200 in 17ms (next.js: 4ms, application-code: 12ms)
 POST /api/log 200 in 15ms (next.js: 5ms, application-code: 10ms)
 POST /api/log 200 in 8ms (next.js: 2ms, application-code: 5ms)
 POST /api/log 200 in 18ms (next.js: 6ms, application-code: 12ms)
 POST /api/log 200 in 17ms (next.js: 7ms, application-code: 10ms)
 POST /api/log 200 in 17ms (next.js: 5ms, application-code: 12ms)
 POST /api/log 200 in 18ms (next.js: 5ms, application-code: 12ms)
 POST /api/log 200 in 9ms (next.js: 3ms, application-code: 7ms)
 POST /api/log 200 in 17ms (next.js: 5ms, application-code: 12ms)
 POST /api/log 200 in 16ms (next.js: 7ms, application-code: 10ms)
 POST /api/log 200 in 17ms (next.js: 5ms, application-code: 12ms)
 POST /api/log 200 in 16ms (next.js: 4ms, application-code: 11ms)
 POST /api/log 200 in 11ms (next.js: 2ms, application-code: 8ms)
 POST /api/log 200 in 8ms (next.js: 2ms, application-code: 6ms)
 POST /api/log 200 in 16ms (next.js: 6ms, application-code: 10ms)
 POST /api/log 200 in 16ms (next.js: 5ms, application-code: 11ms)
 POST /api/log 200 in 18ms (next.js: 6ms, application-code: 12ms)
 POST /api/log 200 in 17ms (next.js: 5ms, application-code: 11ms)
 POST /api/log 200 in 7ms (next.js: 2ms, application-code: 5ms)
 POST /api/log 200 in 15ms (next.js: 5ms, application-code: 10ms)
 POST /api/log 200 in 14ms (next.js: 5ms, application-code: 10ms)
 POST /api/log 200 in 20ms (next.js: 7ms, application-code: 13ms)
 POST /api/log 200 in 18ms (next.js: 6ms, application-code: 12ms)
 POST /api/log 200 in 7ms (next.js: 2ms, application-code: 5ms)
 POST /api/log 200 in 18ms (next.js: 7ms, application-code: 11ms)
 POST /api/log 200 in 41ms (next.js: 10ms, application-code: 31ms)
 POST /api/log 200 in 18ms (next.js: 7ms, application-code: 11ms)
 POST /api/log 200 in 16ms (next.js: 5ms, application-code: 12ms)
 POST /api/log 200 in 7ms (next.js: 2ms, application-code: 5ms)
 POST /api/log 200 in 16ms (next.js: 6ms, application-code: 10ms)
 POST /api/log 200 in 13ms (next.js: 4ms, application-code: 9ms)
 POST /api/log 200 in 16ms (next.js: 5ms, application-code: 11ms)
 POST /api/log 200 in 16ms (next.js: 5ms, application-code: 12ms)
 POST /api/log 200 in 10ms (next.js: 2ms, application-code: 8ms)
 POST /api/log 200 in 18ms (next.js: 6ms, application-code: 12ms)
 POST /api/log 200 in 16ms (next.js: 6ms, application-code: 11ms)
 POST /api/log 200 in 15ms (next.js: 5ms, application-code: 10ms)
 POST /api/log 200 in 17ms (next.js: 6ms, application-code: 11ms)
 POST /api/log 200 in 17ms (next.js: 6ms, application-code: 10ms)
 POST /api/log 200 in 17ms (next.js: 6ms, application-code: 11ms)
 POST /api/log 200 in 17ms (next.js: 7ms, application-code: 10ms)
 POST /api/log 200 in 9ms (next.js: 1954µs, application-code: 7ms)
 POST /api/log 200 in 17ms (next.js: 5ms, application-code: 12ms)
 POST /api/log 200 in 16ms (next.js: 4ms, application-code: 12ms)
 POST /api/log 200 in 16ms (next.js: 6ms, application-code: 10ms)
 POST /api/log 200 in 16ms (next.js: 5ms, application-code: 12ms)
 POST /api/log 200 in 10ms (next.js: 3ms, application-code: 7ms)
 POST /api/log 200 in 18ms (next.js: 7ms, application-code: 11ms)
 POST /api/log 200 in 16ms (next.js: 6ms, application-code: 11ms)
 POST /api/log 200 in 16ms (next.js: 6ms, application-code: 10ms)
 POST /api/log 200 in 16ms (next.js: 5ms, application-code: 11ms)
 POST /api/log 200 in 7ms (next.js: 2ms, application-code: 5ms)
 POST /api/log 200 in 18ms (next.js: 6ms, application-code: 12ms)
 POST /api/log 200 in 18ms (next.js: 6ms, application-code: 11ms)
 POST /api/log 200 in 17ms (next.js: 7ms, application-code: 11ms)
 POST /api/log 200 in 18ms (next.js: 6ms, application-code: 12ms)
 POST /api/log 200 in 12ms (next.js: 4ms, application-code: 8ms)
 POST /api/log 200 in 14ms (next.js: 3ms, application-code: 11ms)
 POST /api/log 200 in 16ms (next.js: 6ms, application-code: 11ms)
 POST /api/log 200 in 28ms (next.js: 8ms, application-code: 20ms)
 POST /api/log 200 in 19ms (next.js: 7ms, application-code: 12ms)
 POST /api/log 200 in 10ms (next.js: 2ms, application-code: 7ms)
 POST /api/log 200 in 8ms (next.js: 2ms, application-code: 6ms)
 POST /api/log 200 in 16ms (next.js: 5ms, application-code: 11ms)
 POST /api/log 200 in 14ms (next.js: 4ms, application-code: 10ms)
 POST /api/log 200 in 22ms (next.js: 7ms, application-code: 15ms)
 POST /api/log 200 in 20ms (next.js: 4ms, application-code: 16ms)
 POST /api/log 200 in 11ms (next.js: 3ms, application-code: 8ms)
 POST /api/log 200 in 16ms (next.js: 5ms, application-code: 10ms)
 POST /api/log 200 in 16ms (next.js: 5ms, application-code: 11ms)
 POST /api/log 200 in 15ms (next.js: 5ms, application-code: 10ms)
 POST /api/log 200 in 16ms (next.js: 5ms, application-code: 12ms)
 POST /api/log 200 in 7ms (next.js: 2ms, application-code: 5ms)
 POST /api/log 200 in 18ms (next.js: 5ms, application-code: 13ms)
 POST /api/log 200 in 17ms (next.js: 6ms, application-code: 10ms)
 POST /api/log 200 in 16ms (next.js: 5ms, application-code: 11ms)
 POST /api/log 200 in 18ms (next.js: 7ms, application-code: 11ms)
 POST /api/log 200 in 9ms (next.js: 3ms, application-code: 7ms)
 POST /api/log 200 in 28ms (next.js: 11ms, application-code: 17ms)
 POST /api/log 200 in 16ms (next.js: 6ms, application-code: 10ms)
 POST /api/log 200 in 15ms (next.js: 5ms, application-code: 10ms)
 POST /api/log 200 in 16ms (next.js: 4ms, application-code: 12ms)
 POST /api/log 200 in 17ms (next.js: 3ms, application-code: 14ms)
 POST /api/log 200 in 13ms (next.js: 3ms, application-code: 10ms)
 POST /api/log 200 in 15ms (next.js: 4ms, application-code: 11ms)
 POST /api/log 200 in 17ms (next.js: 6ms, application-code: 11ms)
 POST /api/log 200 in 14ms (next.js: 4ms, application-code: 10ms)
 POST /api/log 200 in 19ms (next.js: 7ms, application-code: 12ms)
 POST /api/log 200 in 8ms (next.js: 1975µs, application-code: 6ms)
 POST /api/log 200 in 15ms (next.js: 5ms, application-code: 10ms)
 POST /api/log 200 in 15ms (next.js: 5ms, application-code: 10ms)
 POST /api/log 200 in 18ms (next.js: 6ms, application-code: 12ms)
 POST /api/log 200 in 18ms (next.js: 5ms, application-code: 13ms)
 POST /api/log 200 in 9ms (next.js: 2ms, application-code: 6ms)
 POST /api/log 200 in 17ms (next.js: 6ms, application-code: 11ms)
 POST /api/log 200 in 16ms (next.js: 5ms, application-code: 11ms)
 POST /api/log 200 in 18ms (next.js: 7ms, application-code: 11ms)
 POST /api/log 200 in 18ms (next.js: 7ms, application-code: 11ms)
 POST /api/log 200 in 8ms (next.js: 1750µs, application-code: 6ms)
 POST /api/log 200 in 18ms (next.js: 6ms, application-code: 11ms)
 POST /api/log 200 in 15ms (next.js: 4ms, application-code: 11ms)
 POST /api/log 200 in 19ms (next.js: 7ms, application-code: 12ms)
 POST /api/log 200 in 18ms (next.js: 7ms, application-code: 11ms)
 POST /api/log 200 in 15ms (next.js: 4ms, application-code: 12ms)
 POST /api/log 200 in 17ms (next.js: 7ms, application-code: 11ms)
 POST /api/log 200 in 15ms (next.js: 5ms, application-code: 11ms)
 POST /api/log 200 in 17ms (next.js: 6ms, application-code: 11ms)
 POST /api/log 200 in 14ms (next.js: 4ms, application-code: 10ms)
 POST /api/log 200 in 16ms (next.js: 4ms, application-code: 11ms)
 POST /api/log 200 in 16ms (next.js: 5ms, application-code: 11ms)
 POST /api/log 200 in 17ms (next.js: 5ms, application-code: 12ms)
 POST /api/log 200 in 10ms (next.js: 3ms, application-code: 7ms)
 POST /api/log 200 in 17ms (next.js: 6ms, application-code: 10ms)
 POST /api/log 200 in 18ms (next.js: 5ms, application-code: 12ms)
 POST /api/log 200 in 18ms (next.js: 7ms, application-code: 11ms)
 POST /api/log 200 in 18ms (next.js: 7ms, application-code: 11ms)
 POST /api/log 200 in 8ms (next.js: 2ms, application-code: 6ms)
 POST /api/log 200 in 16ms (next.js: 5ms, application-code: 11ms)
 POST /api/log 200 in 19ms (next.js: 7ms, application-code: 12ms)
 POST /api/log 200 in 20ms (next.js: 11ms, application-code: 9ms)
 POST /api/log 200 in 19ms (next.js: 7ms, application-code: 12ms)
 POST /api/log 200 in 7ms (next.js: 2ms, application-code: 5ms)
 POST /api/log 200 in 22ms (next.js: 6ms, application-code: 17ms)
 POST /api/log 200 in 15ms (next.js: 5ms, application-code: 10ms)
 POST /api/log 200 in 16ms (next.js: 4ms, application-code: 12ms)
 POST /api/log 200 in 18ms (next.js: 5ms, application-code: 13ms)
 POST /api/log 200 in 11ms (next.js: 3ms, application-code: 8ms)
 POST /api/log 200 in 15ms (next.js: 4ms, application-code: 11ms)
 POST /api/log 200 in 17ms (next.js: 7ms, application-code: 10ms)
 POST /api/log 200 in 16ms (next.js: 6ms, application-code: 10ms)
 POST /api/log 200 in 16ms (next.js: 5ms, application-code: 11ms)
 POST /api/log 200 in 9ms (next.js: 3ms, application-code: 7ms)
 POST /api/log 200 in 8ms (next.js: 2ms, application-code: 6ms)
 POST /api/log 200 in 23ms (next.js: 10ms, application-code: 14ms)
 POST /api/log 200 in 16ms (next.js: 5ms, application-code: 11ms)
 POST /api/log 200 in 16ms (next.js: 5ms, application-code: 11ms)
 POST /api/log 200 in 15ms (next.js: 5ms, application-code: 10ms)
 POST /api/log 200 in 10ms (next.js: 3ms, application-code: 8ms)
 POST /api/log 200 in 16ms (next.js: 5ms, application-code: 11ms)
 POST /api/log 200 in 17ms (next.js: 5ms, application-code: 12ms)
 POST /api/log 200 in 19ms (next.js: 7ms, application-code: 12ms)
 POST /api/log 200 in 16ms (next.js: 5ms, application-code: 11ms)
 POST /api/log 200 in 9ms (next.js: 2ms, application-code: 6ms)
 POST /api/log 200 in 16ms (next.js: 6ms, application-code: 10ms)
 POST /api/log 200 in 16ms (next.js: 5ms, application-code: 11ms)
 POST /api/log 200 in 19ms (next.js: 7ms, application-code: 11ms)
 POST /api/log 200 in 17ms (next.js: 6ms, application-code: 11ms)
 POST /api/log 200 in 9ms (next.js: 2ms, application-code: 7ms)
 POST /api/log 200 in 17ms (next.js: 5ms, application-code: 12ms)
 POST /api/log 200 in 19ms (next.js: 7ms, application-code: 12ms)
 POST /api/log 200 in 17ms (next.js: 5ms, application-code: 11ms)
 POST /api/log 200 in 18ms (next.js: 6ms, application-code: 12ms)
 POST /api/log 200 in 8ms (next.js: 2ms, application-code: 6ms)
 POST /api/log 200 in 14ms (next.js: 6ms, application-code: 9ms)
 POST /api/log 200 in 15ms (next.js: 5ms, application-code: 10ms)
 POST /api/log 200 in 17ms (next.js: 6ms, application-code: 12ms)
 POST /api/log 200 in 18ms (next.js: 8ms, application-code: 11ms)
 POST /api/log 200 in 9ms (next.js: 2ms, application-code: 6ms)
 POST /api/log 200 in 12ms (next.js: 2ms, application-code: 9ms)
 POST /api/log 200 in 17ms (next.js: 5ms, application-code: 12ms)
 POST /api/log 200 in 17ms (next.js: 4ms, application-code: 13ms)
 POST /api/log 200 in 17ms (next.js: 5ms, application-code: 11ms)
 POST /api/log 200 in 17ms (next.js: 6ms, application-code: 11ms)
 POST /api/log 200 in 8ms (next.js: 1855µs, application-code: 6ms)
 POST /api/log 200 in 16ms (next.js: 5ms, application-code: 11ms)
 POST /api/log 200 in 18ms (next.js: 6ms, application-code: 12ms)
 POST /api/log 200 in 15ms (next.js: 4ms, application-code: 11ms)
 POST /api/log 200 in 17ms (next.js: 6ms, application-code: 11ms)
 POST /api/log 200 in 7ms (next.js: 2ms, application-code: 5ms)
 POST /api/log 200 in 15ms (next.js: 4ms, application-code: 11ms)
 POST /api/log 200 in 16ms (next.js: 5ms, application-code: 11ms)
 POST /api/log 200 in 15ms (next.js: 5ms, application-code: 10ms)
 POST /api/log 200 in 18ms (next.js: 8ms, application-code: 11ms)
 POST /api/log 200 in 17ms (next.js: 5ms, application-code: 12ms)
 POST /api/log 200 in 8ms (next.js: 2ms, application-code: 6ms)
 POST /api/log 200 in 15ms (next.js: 5ms, application-code: 10ms)
 POST /api/log 200 in 16ms (next.js: 6ms, application-code: 10ms)
 POST /api/log 200 in 16ms (next.js: 5ms, application-code: 10ms)
 POST /api/log 200 in 15ms (next.js: 5ms, application-code: 10ms)
 POST /api/log 200 in 8ms (next.js: 3ms, application-code: 5ms)
 POST /api/log 200 in 14ms (next.js: 4ms, application-code: 10ms)
 POST /api/log 200 in 15ms (next.js: 5ms, application-code: 10ms)
 POST /api/log 200 in 17ms (next.js: 6ms, application-code: 11ms)
 POST /api/log 200 in 18ms (next.js: 6ms, application-code: 12ms)
 POST /api/log 200 in 9ms (next.js: 2ms, application-code: 7ms)
 POST /api/log 200 in 19ms (next.js: 8ms, application-code: 12ms)
 POST /api/log 200 in 16ms (next.js: 5ms, application-code: 11ms)
 POST /api/log 200 in 18ms (next.js: 7ms, application-code: 11ms)
 POST /api/log 200 in 18ms (next.js: 6ms, application-code: 11ms)
 POST /api/log 200 in 11ms (next.js: 4ms, application-code: 8ms)
 POST /api/log 200 in 18ms (next.js: 6ms, application-code: 12ms)
 POST /api/log 200 in 18ms (next.js: 6ms, application-code: 12ms)
 POST /api/log 200 in 9ms (next.js: 3ms, application-code: 6ms)
 POST /api/log 200 in 17ms (next.js: 6ms, application-code: 12ms)
 POST /api/log 200 in 17ms (next.js: 6ms, application-code: 11ms)
 POST /api/log 200 in 17ms (next.js: 6ms, application-code: 11ms)
 POST /api/log 200 in 16ms (next.js: 5ms, application-code: 11ms)
 POST /api/log 200 in 9ms (next.js: 1942µs, application-code: 7ms)
 POST /api/log 200 in 18ms (next.js: 6ms, application-code: 12ms)
 POST /api/log 200 in 17ms (next.js: 6ms, application-code: 11ms)
 POST /api/log 200 in 18ms (next.js: 7ms, application-code: 11ms)
 POST /api/log 200 in 18ms (next.js: 7ms, application-code: 12ms)
 POST /api/log 200 in 19ms (next.js: 7ms, application-code: 11ms)
 POST /api/log 200 in 11ms (next.js: 5ms, application-code: 6ms)
 POST /api/log 200 in 17ms (next.js: 6ms, application-code: 11ms)
 POST /api/log 200 in 16ms (next.js: 5ms, application-code: 11ms)
 POST /api/log 200 in 17ms (next.js: 4ms, application-code: 13ms)
 POST /api/log 200 in 10ms (next.js: 2ms, application-code: 7ms)
 POST /api/log 200 in 8ms (next.js: 2ms, application-code: 6ms)
 POST /api/log 200 in 17ms (next.js: 6ms, application-code: 11ms)
 POST /api/log 200 in 17ms (next.js: 6ms, application-code: 11ms)
 POST /api/log 200 in 18ms (next.js: 6ms, application-code: 11ms)
 POST /api/log 200 in 17ms (next.js: 6ms, application-code: 11ms)
 POST /api/log 200 in 8ms (next.js: 3ms, application-code: 5ms)
 POST /api/log 200 in 16ms (next.js: 6ms, application-code: 10ms)
 POST /api/log 200 in 16ms (next.js: 5ms, application-code: 11ms)
 POST /api/log 200 in 16ms (next.js: 5ms, application-code: 11ms)
 POST /api/log 200 in 17ms (next.js: 6ms, application-code: 11ms)
 POST /api/log 200 in 8ms (next.js: 2ms, application-code: 6ms)
 POST /api/log 200 in 16ms (next.js: 6ms, application-code: 11ms)
 POST /api/log 200 in 18ms (next.js: 5ms, application-code: 12ms)
 POST /api/log 200 in 19ms (next.js: 7ms, application-code: 12ms)
 POST /api/log 200 in 19ms (next.js: 8ms, application-code: 11ms)
 POST /api/log 200 in 19ms (next.js: 7ms, application-code: 12ms)
 POST /api/log 200 in 18ms (next.js: 6ms, application-code: 13ms)
 POST /api/log 200 in 20ms (next.js: 7ms, application-code: 12ms)
 POST /api/log 200 in 19ms (next.js: 6ms, application-code: 12ms)
 POST /api/log 200 in 18ms (next.js: 7ms, application-code: 11ms)
 POST /api/log 200 in 12ms (next.js: 4ms, application-code: 8ms)
 POST /api/log 200 in 17ms (next.js: 4ms, application-code: 12ms)
 POST /api/log 200 in 17ms (next.js: 6ms, application-code: 11ms)
 POST /api/log 200 in 17ms (next.js: 6ms, application-code: 11ms)
 POST /api/log 200 in 16ms (next.js: 5ms, application-code: 12ms)
 POST /api/log 200 in 11ms (next.js: 3ms, application-code: 8ms)
 POST /api/log 200 in 12ms (next.js: 3ms, application-code: 9ms)
 POST /api/log 200 in 16ms (next.js: 5ms, application-code: 11ms)
 POST /api/log 200 in 17ms (next.js: 5ms, application-code: 12ms)
 POST /api/log 200 in 16ms (next.js: 5ms, application-code: 11ms)
 POST /api/log 200 in 18ms (next.js: 6ms, application-code: 12ms)
 POST /api/log 200 in 8ms (next.js: 3ms, application-code: 5ms)
 POST /api/log 200 in 17ms (next.js: 6ms, application-code: 11ms)
 POST /api/log 200 in 16ms (next.js: 6ms, application-code: 10ms)
 POST /api/log 200 in 18ms (next.js: 6ms, application-code: 11ms)
 POST /api/log 200 in 18ms (next.js: 7ms, application-code: 10ms)
 POST /api/log 200 in 7ms (next.js: 1911µs, application-code: 5ms)
 POST /api/log 200 in 16ms (next.js: 4ms, application-code: 12ms)
 POST /api/log 200 in 17ms (next.js: 8ms, application-code: 9ms)
 POST /api/log 200 in 16ms (next.js: 5ms, application-code: 11ms)
 POST /api/log 200 in 18ms (next.js: 6ms, application-code: 12ms)
 POST /api/log 200 in 10ms (next.js: 2ms, application-code: 8ms)
 POST /api/log 200 in 17ms (next.js: 6ms, application-code: 11ms)
 POST /api/log 200 in 17ms (next.js: 5ms, application-code: 12ms)
 POST /api/log 200 in 44ms (next.js: 11ms, application-code: 32ms)
 POST /api/log 200 in 16ms (next.js: 6ms, application-code: 10ms)
 POST /api/log 200 in 9ms (next.js: 3ms, application-code: 6ms)
 POST /api/log 200 in 13ms (next.js: 3ms, application-code: 11ms)
 POST /api/log 200 in 17ms (next.js: 6ms, application-code: 11ms)
 POST /api/log 200 in 17ms (next.js: 5ms, application-code: 12ms)
 POST /api/log 200 in 17ms (next.js: 6ms, application-code: 11ms)
 POST /api/log 200 in 15ms (next.js: 6ms, application-code: 9ms)
 POST /api/log 200 in 8ms (next.js: 3ms, application-code: 5ms)
 POST /api/log 200 in 16ms (next.js: 6ms, application-code: 11ms)
 POST /api/log 200 in 14ms (next.js: 5ms, application-code: 9ms)
 POST /api/log 200 in 16ms (next.js: 5ms, application-code: 10ms)
 POST /api/log 200 in 7ms (next.js: 1875µs, application-code: 5ms)
 POST /api/log 200 in 17ms (next.js: 6ms, application-code: 11ms)
 POST /api/log 200 in 15ms (next.js: 5ms, application-code: 10ms)
 POST /api/log 200 in 21ms (next.js: 9ms, application-code: 12ms)
 POST /api/log 200 in 16ms (next.js: 5ms, application-code: 11ms)
 POST /api/log 200 in 7ms (next.js: 2ms, application-code: 5ms)
 POST /api/log 200 in 19ms (next.js: 6ms, application-code: 13ms)
 POST /api/log 200 in 18ms (next.js: 6ms, application-code: 12ms)
 POST /api/log 200 in 17ms (next.js: 6ms, application-code: 11ms)
 POST /api/log 200 in 19ms (next.js: 6ms, application-code: 12ms)
 POST /api/log 200 in 10ms (next.js: 2ms, application-code: 8ms)
 POST /api/log 200 in 10ms (next.js: 4ms, application-code: 7ms)
 POST /api/log 200 in 14ms (next.js: 4ms, application-code: 9ms)
 POST /api/log 200 in 16ms (next.js: 5ms, application-code: 10ms)
 POST /api/log 200 in 16ms (next.js: 5ms, application-code: 11ms)
 POST /api/log 200 in 17ms (next.js: 5ms, application-code: 12ms)
 POST /api/log 200 in 8ms (next.js: 2ms, application-code: 6ms)
 POST /api/log 200 in 15ms (next.js: 4ms, application-code: 11ms)
 POST /api/log 200 in 16ms (next.js: 4ms, application-code: 12ms)
 POST /api/log 200 in 18ms (next.js: 9ms, application-code: 9ms)
 POST /api/log 200 in 16ms (next.js: 5ms, application-code: 12ms)
 POST /api/log 200 in 10ms (next.js: 3ms, application-code: 7ms)
 POST /api/log 200 in 17ms (next.js: 6ms, application-code: 11ms)
 POST /api/log 200 in 23ms (next.js: 7ms, application-code: 16ms)
 POST /api/log 200 in 18ms (next.js: 7ms, application-code: 11ms)
 POST /api/log 200 in 17ms (next.js: 7ms, application-code: 11ms)
 POST /api/log 200 in 11ms (next.js: 2ms, application-code: 8ms)
 POST /api/log 200 in 15ms (next.js: 4ms, application-code: 11ms)
 POST /api/log 200 in 17ms (next.js: 6ms, application-code: 11ms)
 POST /api/log 200 in 17ms (next.js: 6ms, application-code: 10ms)
 POST /api/log 200 in 18ms (next.js: 6ms, application-code: 12ms)
 POST /api/log 200 in 12ms (next.js: 4ms, application-code: 8ms)
 POST /api/log 200 in 16ms (next.js: 4ms, application-code: 11ms)
 POST /api/log 200 in 18ms (next.js: 5ms, application-code: 13ms)
 POST /api/log 200 in 18ms (next.js: 8ms, application-code: 10ms)
 POST /api/log 200 in 21ms (next.js: 11ms, application-code: 10ms)
 POST /api/log 200 in 9ms (next.js: 3ms, application-code: 6ms)
 POST /api/log 200 in 8ms (next.js: 3ms, application-code: 5ms)
 POST /api/log 200 in 14ms (next.js: 4ms, application-code: 10ms)
 POST /api/log 200 in 14ms (next.js: 4ms, application-code: 10ms)
 POST /api/log 200 in 18ms (next.js: 8ms, application-code: 11ms)
 POST /api/log 200 in 17ms (next.js: 7ms, application-code: 10ms)
 POST /api/log 200 in 8ms (next.js: 3ms, application-code: 5ms)
 POST /api/log 200 in 17ms (next.js: 5ms, application-code: 11ms)
 POST /api/log 200 in 19ms (next.js: 6ms, application-code: 13ms)
 POST /api/log 200 in 19ms (next.js: 7ms, application-code: 12ms)
 POST /api/log 200 in 7ms (next.js: 2ms, application-code: 5ms)
 POST /api/log 200 in 9ms (next.js: 2ms, application-code: 7ms)
 POST /api/log 200 in 17ms (next.js: 5ms, application-code: 12ms)
 POST /api/log 200 in 18ms (next.js: 7ms, application-code: 11ms)
 POST /api/log 200 in 17ms (next.js: 6ms, application-code: 11ms)
 POST /api/log 200 in 8ms (next.js: 1901µs, application-code: 6ms)
 POST /api/log 200 in 15ms (next.js: 5ms, application-code: 10ms)
 POST /api/log 200 in 15ms (next.js: 5ms, application-code: 10ms)
 POST /api/log 200 in 16ms (next.js: 5ms, application-code: 10ms)
 POST /api/log 200 in 17ms (next.js: 7ms, application-code: 10ms)
 POST /api/log 200 in 12ms (next.js: 4ms, application-code: 8ms)
 POST /api/log 200 in 8ms (next.js: 2ms, application-code: 5ms)
 POST /api/log 200 in 16ms (next.js: 6ms, application-code: 10ms)
 POST /api/log 200 in 16ms (next.js: 6ms, application-code: 10ms)
 POST /api/log 200 in 21ms (next.js: 8ms, application-code: 13ms)
 POST /api/log 200 in 43ms (next.js: 12ms, application-code: 31ms)
 POST /api/log 200 in 9ms (next.js: 3ms, application-code: 6ms)
 POST /api/log 200 in 18ms (next.js: 6ms, application-code: 11ms)
 POST /api/log 200 in 16ms (next.js: 6ms, application-code: 10ms)
 POST /api/log 200 in 18ms (next.js: 6ms, application-code: 12ms)
 POST /api/log 200 in 17ms (next.js: 7ms, application-code: 10ms)
 POST /api/log 200 in 9ms (next.js: 3ms, application-code: 6ms)
 POST /api/log 200 in 16ms (next.js: 6ms, application-code: 11ms)
 POST /api/log 200 in 16ms (next.js: 4ms, application-code: 11ms)
 POST /api/log 200 in 18ms (next.js: 5ms, application-code: 13ms)
 POST /api/log 200 in 17ms (next.js: 7ms, application-code: 10ms)
 POST /api/log 200 in 8ms (next.js: 1859µs, application-code: 6ms)
 POST /api/log 200 in 16ms (next.js: 5ms, application-code: 10ms)
 POST /api/log 200 in 15ms (next.js: 4ms, application-code: 10ms)
 POST /api/log 200 in 18ms (next.js: 7ms, application-code: 12ms)
 POST /api/log 200 in 19ms (next.js: 7ms, application-code: 12ms)
 POST /api/log 200 in 11ms (next.js: 4ms, application-code: 6ms)
 POST /api/log 200 in 16ms (next.js: 5ms, application-code: 10ms)
 POST /api/log 200 in 15ms (next.js: 4ms, application-code: 11ms)
 POST /api/log 200 in 16ms (next.js: 5ms, application-code: 11ms)
 POST /api/log 200 in 19ms (next.js: 6ms, application-code: 13ms)
 POST /api/log 200 in 13ms (next.js: 5ms, application-code: 8ms)
 POST /api/log 200 in 18ms (next.js: 6ms, application-code: 11ms)
 POST /api/log 200 in 17ms (next.js: 6ms, application-code: 11ms)
 POST /api/log 200 in 16ms (next.js: 4ms, application-code: 11ms)
 POST /api/log 200 in 17ms (next.js: 6ms, application-code: 11ms)
 POST /api/log 200 in 18ms (next.js: 7ms, application-code: 11ms)
 POST /api/log 200 in 9ms (next.js: 2ms, application-code: 6ms)
 POST /api/log 200 in 20ms (next.js: 6ms, application-code: 14ms)
 POST /api/log 200 in 16ms (next.js: 5ms, application-code: 11ms)
 POST /api/log 200 in 14ms (next.js: 5ms, application-code: 10ms)
 POST /api/log 200 in 15ms (next.js: 4ms, application-code: 11ms)
 POST /api/log 200 in 10ms (next.js: 3ms, application-code: 6ms)
 POST /api/log 200 in 16ms (next.js: 6ms, application-code: 10ms)
 POST /api/log 200 in 17ms (next.js: 5ms, application-code: 12ms)
 POST /api/log 200 in 19ms (next.js: 7ms, application-code: 12ms)
 POST /api/log 200 in 17ms (next.js: 4ms, application-code: 13ms)
 POST /api/log 200 in 9ms (next.js: 2ms, application-code: 7ms)
 POST /api/log 200 in 17ms (next.js: 5ms, application-code: 12ms)
 POST /api/log 200 in 17ms (next.js: 5ms, application-code: 12ms)
 POST /api/log 200 in 18ms (next.js: 5ms, application-code: 13ms)
 POST /api/log 200 in 17ms (next.js: 6ms, application-code: 11ms)
 POST /api/log 200 in 8ms (next.js: 2ms, application-code: 6ms)
 POST /api/log 200 in 17ms (next.js: 6ms, application-code: 11ms)
 POST /api/log 200 in 17ms (next.js: 6ms, application-code: 11ms)
 POST /api/log 200 in 16ms (next.js: 6ms, application-code: 10ms)
 POST /api/log 200 in 18ms (next.js: 8ms, application-code: 11ms)
 POST /api/log 200 in 8ms (next.js: 2ms, application-code: 6ms)
 POST /api/log 200 in 14ms (next.js: 4ms, application-code: 10ms)
 POST /api/log 200 in 16ms (next.js: 5ms, application-code: 11ms)
 POST /api/log 200 in 30ms (next.js: 11ms, application-code: 19ms)
 POST /api/log 200 in 17ms (next.js: 6ms, application-code: 11ms)
 POST /api/log 200 in 8ms (next.js: 2ms, application-code: 6ms)
 POST /api/log 200 in 15ms (next.js: 5ms, application-code: 10ms)
 POST /api/log 200 in 18ms (next.js: 5ms, application-code: 13ms)
 POST /api/log 200 in 17ms (next.js: 5ms, application-code: 12ms)
 POST /api/log 200 in 18ms (next.js: 7ms, application-code: 11ms)
 POST /api/log 200 in 9ms (next.js: 2ms, application-code: 6ms)
 POST /api/log 200 in 8ms (next.js: 2ms, application-code: 6ms)
 POST /api/log 200 in 15ms (next.js: 5ms, application-code: 10ms)
 POST /api/log 200 in 15ms (next.js: 4ms, application-code: 10ms)
 POST /api/log 200 in 18ms (next.js: 7ms, application-code: 11ms)
 POST /api/log 200 in 18ms (next.js: 5ms, application-code: 13ms)
 POST /api/log 200 in 7ms (next.js: 3ms, application-code: 5ms)
 POST /api/log 200 in 17ms (next.js: 6ms, application-code: 10ms)
 POST /api/log 200 in 16ms (next.js: 6ms, application-code: 10ms)
 POST /api/log 200 in 22ms (next.js: 7ms, application-code: 14ms)
 POST /api/log 200 in 21ms (next.js: 10ms, application-code: 11ms)
 POST /api/log 200 in 9ms (next.js: 3ms, application-code: 6ms)
 POST /api/log 200 in 17ms (next.js: 6ms, application-code: 11ms)
 POST /api/log 200 in 16ms (next.js: 6ms, application-code: 10ms)
 POST /api/log 200 in 17ms (next.js: 6ms, application-code: 11ms)
 POST /api/log 200 in 16ms (next.js: 6ms, application-code: 10ms)
 POST /api/log 200 in 8ms (next.js: 2ms, application-code: 6ms)
 POST /api/log 200 in 18ms (next.js: 6ms, application-code: 12ms)
 POST /api/log 200 in 16ms (next.js: 5ms, application-code: 11ms)
 POST /api/log 200 in 17ms (next.js: 6ms, application-code: 11ms)
 POST /api/log 200 in 22ms (next.js: 12ms, application-code: 11ms)
 POST /api/log 200 in 10ms (next.js: 2ms, application-code: 8ms)
 POST /api/log 200 in 16ms (next.js: 4ms, application-code: 12ms)
 POST /api/log 200 in 15ms (next.js: 5ms, application-code: 10ms)
 POST /api/log 200 in 16ms (next.js: 5ms, application-code: 11ms)
 POST /api/log 200 in 18ms (next.js: 5ms, application-code: 13ms)
 POST /api/log 200 in 10ms (next.js: 3ms, application-code: 7ms)
 POST /api/log 200 in 17ms (next.js: 4ms, application-code: 13ms)
 POST /api/log 200 in 13ms (next.js: 3ms, application-code: 9ms)
 POST /api/log 200 in 17ms (next.js: 5ms, application-code: 12ms)
 POST /api/log 200 in 17ms (next.js: 5ms, application-code: 12ms)
 POST /api/log 200 in 16ms (next.js: 5ms, application-code: 11ms)
 POST /api/log 200 in 8ms (next.js: 3ms, application-code: 5ms)
 POST /api/log 200 in 18ms (next.js: 6ms, application-code: 12ms)
 POST /api/log 200 in 18ms (next.js: 6ms, application-code: 12ms)
 POST /api/log 200 in 19ms (next.js: 6ms, application-code: 12ms)
 POST /api/log 200 in 21ms (next.js: 7ms, application-code: 14ms)
 POST /api/log 200 in 10ms (next.js: 3ms, application-code: 8ms)
 POST /api/log 200 in 17ms (next.js: 5ms, application-code: 12ms)
 POST /api/log 200 in 18ms (next.js: 6ms, application-code: 12ms)
 POST /api/log 200 in 18ms (next.js: 6ms, application-code: 13ms)
 POST /api/log 200 in 18ms (next.js: 8ms, application-code: 10ms)
 POST /api/log 200 in 9ms (next.js: 2ms, application-code: 7ms)
 POST /api/log 200 in 17ms (next.js: 6ms, application-code: 11ms)
 POST /api/log 200 in 17ms (next.js: 6ms, application-code: 11ms)
 POST /api/log 200 in 15ms (next.js: 5ms, application-code: 10ms)
 POST /api/log 200 in 17ms (next.js: 5ms, application-code: 13ms)
 POST /api/log 200 in 10ms (next.js: 2ms, application-code: 8ms)
 POST /api/log 200 in 13ms (next.js: 4ms, application-code: 9ms)
 POST /api/log 200 in 19ms (next.js: 5ms, application-code: 14ms)
 POST /api/log 200 in 26ms (next.js: 19ms, application-code: 7ms)
 POST /api/log 200 in 15ms (next.js: 5ms, application-code: 10ms)
 POST /api/log 200 in 9ms (next.js: 2ms, application-code: 7ms)
 POST /api/log 200 in 12ms (next.js: 3ms, application-code: 9ms)
 POST /api/log 200 in 18ms (next.js: 6ms, application-code: 12ms)
 POST /api/log 200 in 16ms (next.js: 6ms, application-code: 10ms)
 POST /api/log 200 in 18ms (next.js: 7ms, application-code: 11ms)
 POST /api/log 200 in 17ms (next.js: 5ms, application-code: 12ms)
 POST /api/log 200 in 9ms (next.js: 2ms, application-code: 7ms)
 POST /api/log 200 in 16ms (next.js: 5ms, application-code: 11ms)
 POST /api/log 200 in 17ms (next.js: 5ms, application-code: 12ms)
 POST /api/log 200 in 17ms (next.js: 5ms, application-code: 12ms)
 POST /api/log 200 in 17ms (next.js: 4ms, application-code: 13ms)
 POST /api/log 200 in 7ms (next.js: 2ms, application-code: 5ms)
 POST /api/log 200 in 18ms (next.js: 6ms, application-code: 13ms)
 POST /api/log 200 in 8ms (next.js: 2ms, application-code: 6ms)
 POST /api/log 200 in 17ms (next.js: 8ms, application-code: 10ms)
 POST /api/log 200 in 18ms (next.js: 6ms, application-code: 12ms)
 POST /api/log 200 in 17ms (next.js: 6ms, application-code: 11ms)
 POST /api/log 200 in 16ms (next.js: 4ms, application-code: 12ms)
 POST /api/log 200 in 12ms (next.js: 3ms, application-code: 9ms)
 POST /api/log 200 in 16ms (next.js: 5ms, application-code: 11ms)
 POST /api/log 200 in 16ms (next.js: 6ms, application-code: 10ms)
 POST /api/log 200 in 17ms (next.js: 6ms, application-code: 11ms)
 POST /api/log 200 in 16ms (next.js: 5ms, application-code: 10ms)
 POST /api/log 200 in 9ms (next.js: 1796µs, application-code: 8ms)
 POST /api/log 200 in 17ms (next.js: 6ms, application-code: 11ms)
 POST /api/log 200 in 16ms (next.js: 6ms, application-code: 10ms)
 POST /api/log 200 in 16ms (next.js: 5ms, application-code: 11ms)
 POST /api/log 200 in 16ms (next.js: 5ms, application-code: 11ms)
 POST /api/log 200 in 11ms (next.js: 3ms, application-code: 8ms)
 POST /api/log 200 in 8ms (next.js: 1973µs, application-code: 6ms)
 POST /api/log 200 in 16ms (next.js: 5ms, application-code: 11ms)
 POST /api/log 200 in 17ms (next.js: 6ms, application-code: 12ms)
 POST /api/log 200 in 17ms (next.js: 4ms, application-code: 13ms)
 POST /api/log 200 in 19ms (next.js: 7ms, application-code: 12ms)
 POST /api/log 200 in 10ms (next.js: 4ms, application-code: 6ms)
 POST /api/log 200 in 17ms (next.js: 5ms, application-code: 12ms)
 POST /api/log 200 in 24ms (next.js: 7ms, application-code: 17ms)
 POST /api/log 200 in 16ms (next.js: 6ms, application-code: 11ms)
 POST /api/log 200 in 20ms (next.js: 6ms, application-code: 14ms)
 POST /api/log 200 in 8ms (next.js: 3ms, application-code: 5ms)
 POST /api/log 200 in 18ms (next.js: 5ms, application-code: 12ms)
 POST /api/log 200 in 19ms (next.js: 9ms, application-code: 10ms)
 POST /api/log 200 in 16ms (next.js: 4ms, application-code: 12ms)
 POST /api/log 200 in 17ms (next.js: 6ms, application-code: 11ms)
 POST /api/log 200 in 8ms (next.js: 2ms, application-code: 5ms)
 POST /api/log 200 in 16ms (next.js: 5ms, application-code: 11ms)
 POST /api/log 200 in 14ms (next.js: 4ms, application-code: 10ms)
 POST /api/log 200 in 17ms (next.js: 6ms, application-code: 11ms)
 POST /api/log 200 in 18ms (next.js: 6ms, application-code: 12ms)
 POST /api/log 200 in 12ms (next.js: 4ms, application-code: 7ms)
 POST /api/log 200 in 16ms (next.js: 4ms, application-code: 12ms)
 POST /api/log 200 in 16ms (next.js: 6ms, application-code: 10ms)
 POST /api/log 200 in 17ms (next.js: 4ms, application-code: 13ms)
 POST /api/log 200 in 17ms (next.js: 6ms, application-code: 11ms)
 POST /api/log 200 in 11ms (next.js: 3ms, application-code: 7ms)
 POST /api/log 200 in 8ms (next.js: 2ms, application-code: 6ms)
 POST /api/log 200 in 14ms (next.js: 3ms, application-code: 10ms)
 POST /api/log 200 in 16ms (next.js: 4ms, application-code: 11ms)
 POST /api/log 200 in 13ms (next.js: 4ms, application-code: 9ms)
 POST /api/log 200 in 17ms (next.js: 5ms, application-code: 12ms)
 POST /api/log 200 in 8ms (next.js: 3ms, application-code: 5ms)
 POST /api/log 200 in 19ms (next.js: 7ms, application-code: 12ms)
 POST /api/log 200 in 18ms (next.js: 6ms, application-code: 12ms)
 POST /api/log 200 in 17ms (next.js: 6ms, application-code: 12ms)
 POST /api/log 200 in 14ms (next.js: 4ms, application-code: 10ms)
 POST /api/log 200 in 8ms (next.js: 3ms, application-code: 6ms)
 POST /api/log 200 in 16ms (next.js: 5ms, application-code: 11ms)
 POST /api/log 200 in 17ms (next.js: 6ms, application-code: 11ms)
 POST /api/log 200 in 17ms (next.js: 5ms, application-code: 12ms)
 POST /api/log 200 in 17ms (next.js: 6ms, application-code: 11ms)
 POST /api/log 200 in 9ms (next.js: 3ms, application-code: 6ms)
 POST /api/log 200 in 39ms (next.js: 9ms, application-code: 30ms)
 POST /api/log 200 in 20ms (next.js: 6ms, application-code: 13ms)
 POST /api/log 200 in 16ms (next.js: 4ms, application-code: 12ms)
 POST /api/log 200 in 17ms (next.js: 6ms, application-code: 11ms)
 POST /api/log 200 in 14ms (next.js: 3ms, application-code: 11ms)
 POST /api/log 200 in 17ms (next.js: 4ms, application-code: 13ms)
 POST /api/log 200 in 16ms (next.js: 6ms, application-code: 10ms)
 POST /api/log 200 in 17ms (next.js: 6ms, application-code: 11ms)
 POST /api/log 200 in 18ms (next.js: 7ms, application-code: 11ms)
 POST /api/log 200 in 18ms (next.js: 4ms, application-code: 14ms)
 POST /api/log 200 in 17ms (next.js: 4ms, application-code: 13ms)
 POST /api/log 200 in 18ms (next.js: 5ms, application-code: 13ms)
 POST /api/log 200 in 10ms (next.js: 3ms, application-code: 8ms)
 POST /api/log 200 in 18ms (next.js: 5ms, application-code: 13ms)
 POST /api/log 200 in 14ms (next.js: 4ms, application-code: 10ms)
 POST /api/log 200 in 15ms (next.js: 4ms, application-code: 11ms)
 POST /api/log 200 in 17ms (next.js: 6ms, application-code: 11ms)
 POST /api/log 200 in 7ms (next.js: 2ms, application-code: 5ms)
 POST /api/log 200 in 10ms (next.js: 3ms, application-code: 7ms)
 POST /api/log 200 in 13ms (next.js: 3ms, application-code: 10ms)
 POST /api/log 200 in 15ms (next.js: 4ms, application-code: 10ms)
 POST /api/log 200 in 14ms (next.js: 4ms, application-code: 10ms)
 POST /api/log 200 in 14ms (next.js: 4ms, application-code: 9ms)
 POST /api/log 200 in 10ms (next.js: 4ms, application-code: 5ms)
 POST /api/log 200 in 17ms (next.js: 5ms, application-code: 12ms)
 POST /api/log 200 in 17ms (next.js: 4ms, application-code: 13ms)
 POST /api/log 200 in 17ms (next.js: 5ms, application-code: 12ms)
 POST /api/log 200 in 17ms (next.js: 5ms, application-code: 11ms)
 POST /api/log 200 in 8ms (next.js: 2ms, application-code: 6ms)
 POST /api/log 200 in 17ms (next.js: 5ms, application-code: 12ms)
 POST /api/log 200 in 15ms (next.js: 4ms, application-code: 11ms)
 POST /api/log 200 in 16ms (next.js: 5ms, application-code: 12ms)
 POST /api/log 200 in 17ms (next.js: 6ms, application-code: 11ms)
 POST /api/log 200 in 10ms (next.js: 4ms, application-code: 6ms)
 POST /api/log 200 in 15ms (next.js: 4ms, application-code: 11ms)
 POST /api/log 200 in 17ms (next.js: 5ms, application-code: 12ms)
 POST /api/log 200 in 16ms (next.js: 4ms, application-code: 12ms)
 POST /api/log 200 in 17ms (next.js: 4ms, application-code: 12ms)
 POST /api/log 200 in 8ms (next.js: 2ms, application-code: 6ms)
 POST /api/log 200 in 11ms (next.js: 2ms, application-code: 9ms)
 POST /api/log 200 in 13ms (next.js: 4ms, application-code: 9ms)
 POST /api/log 200 in 13ms (next.js: 4ms, application-code: 8ms)
 POST /api/log 200 in 14ms (next.js: 4ms, application-code: 10ms)
 POST /api/log 200 in 31ms (next.js: 3ms, application-code: 28ms)
 POST /api/log 200 in 8ms (next.js: 2ms, application-code: 6ms)
 POST /api/log 200 in 13ms (next.js: 4ms, application-code: 9ms)
 POST /api/log 200 in 15ms (next.js: 4ms, application-code: 11ms)
 POST /api/log 200 in 19ms (next.js: 5ms, application-code: 13ms)
 POST /api/log 200 in 17ms (next.js: 5ms, application-code: 12ms)
 POST /api/log 200 in 9ms (next.js: 3ms, application-code: 6ms)
 POST /api/log 200 in 14ms (next.js: 5ms, application-code: 9ms)
 POST /api/log 200 in 17ms (next.js: 5ms, application-code: 11ms)
 POST /api/log 200 in 18ms (next.js: 6ms, application-code: 11ms)
 POST /api/log 200 in 20ms (next.js: 7ms, application-code: 14ms)
 POST /api/log 200 in 10ms (next.js: 3ms, application-code: 6ms)
 POST /api/log 200 in 16ms (next.js: 6ms, application-code: 10ms)
 POST /api/log 200 in 17ms (next.js: 6ms, application-code: 10ms)
 POST /api/log 200 in 17ms (next.js: 6ms, application-code: 11ms)
 POST /api/log 200 in 18ms (next.js: 7ms, application-code: 11ms)
 POST /api/log 200 in 9ms (next.js: 3ms, application-code: 6ms)
 POST /api/log 200 in 16ms (next.js: 6ms, application-code: 9ms)
 POST /api/log 200 in 17ms (next.js: 5ms, application-code: 12ms)
 POST /api/log 200 in 17ms (next.js: 6ms, application-code: 12ms)
 POST /api/log 200 in 20ms (next.js: 6ms, application-code: 13ms)
 POST /api/log 200 in 10ms (next.js: 3ms, application-code: 7ms)
 POST /api/log 200 in 8ms (next.js: 2ms, application-code: 6ms)
 POST /api/log 200 in 8ms (next.js: 2ms, application-code: 6ms)
 POST /api/log 200 in 17ms (next.js: 6ms, application-code: 11ms)
 POST /api/log 200 in 18ms (next.js: 7ms, application-code: 11ms)
 POST /api/log 200 in 17ms (next.js: 6ms, application-code: 11ms)
 POST /api/log 200 in 18ms (next.js: 6ms, application-code: 12ms)
 POST /api/log 200 in 8ms (next.js: 3ms, application-code: 5ms)
 POST /api/log 200 in 16ms (next.js: 6ms, application-code: 11ms)
 POST /api/log 200 in 17ms (next.js: 7ms, application-code: 10ms)
 POST /api/log 200 in 19ms (next.js: 6ms, application-code: 13ms)
 POST /api/log 200 in 19ms (next.js: 6ms, application-code: 13ms)
 POST /api/log 200 in 7ms (next.js: 1885µs, application-code: 5ms)
 POST /api/log 200 in 16ms (next.js: 6ms, application-code: 10ms)
 POST /api/log 200 in 15ms (next.js: 4ms, application-code: 11ms)
 POST /api/log 200 in 17ms (next.js: 6ms, application-code: 11ms)
 POST /api/log 200 in 17ms (next.js: 7ms, application-code: 10ms)
 POST /api/log 200 in 7ms (next.js: 2ms, application-code: 5ms)
 POST /api/log 200 in 19ms (next.js: 5ms, application-code: 14ms)
 POST /api/log 200 in 17ms (next.js: 6ms, application-code: 11ms)
 POST /api/log 200 in 17ms (next.js: 5ms, application-code: 12ms)
 POST /api/log 200 in 20ms (next.js: 7ms, application-code: 13ms)
 POST /api/log 200 in 7ms (next.js: 2ms, application-code: 5ms)
 POST /api/log 200 in 15ms (next.js: 5ms, application-code: 10ms)
 POST /api/log 200 in 15ms (next.js: 5ms, application-code: 10ms)
 POST /api/log 200 in 16ms (next.js: 6ms, application-code: 11ms)
 POST /api/log 200 in 15ms (next.js: 4ms, application-code: 10ms)
 POST /api/log 200 in 11ms (next.js: 5ms, application-code: 6ms)
 POST /api/log 200 in 13ms (next.js: 3ms, application-code: 10ms)
 POST /api/log 200 in 20ms (next.js: 7ms, application-code: 12ms)
 POST /api/log 200 in 14ms (next.js: 4ms, application-code: 9ms)
 POST /api/log 200 in 17ms (next.js: 7ms, application-code: 10ms)
 POST /api/log 200 in 19ms (next.js: 6ms, application-code: 13ms)
 POST /api/log 200 in 7ms (next.js: 1999µs, application-code: 5ms)
 POST /api/log 200 in 16ms (next.js: 4ms, application-code: 12ms)
 POST /api/log 200 in 17ms (next.js: 5ms, application-code: 12ms)
 POST /api/log 200 in 17ms (next.js: 6ms, application-code: 11ms)
 POST /api/log 200 in 17ms (next.js: 6ms, application-code: 11ms)
 POST /api/log 200 in 10ms (next.js: 4ms, application-code: 6ms)
 POST /api/log 200 in 16ms (next.js: 6ms, application-code: 11ms)
 POST /api/log 200 in 16ms (next.js: 5ms, application-code: 11ms)
 POST /api/log 200 in 17ms (next.js: 7ms, application-code: 10ms)
 POST /api/log 200 in 16ms (next.js: 5ms, application-code: 11ms)
 POST /api/log 200 in 7ms (next.js: 1991µs, application-code: 5ms)
 POST /api/log 200 in 14ms (next.js: 5ms, application-code: 9ms)
 POST /api/log 200 in 17ms (next.js: 5ms, application-code: 12ms)
 POST /api/log 200 in 17ms (next.js: 4ms, application-code: 12ms)
 POST /api/log 200 in 17ms (next.js: 7ms, application-code: 10ms)
 POST /api/log 200 in 10ms (next.js: 3ms, application-code: 6ms)
 POST /api/log 200 in 12ms (next.js: 5ms, application-code: 7ms)
 POST /api/log 200 in 16ms (next.js: 5ms, application-code: 11ms)
 POST /api/log 200 in 16ms (next.js: 6ms, application-code: 10ms)
 POST /api/log 200 in 14ms (next.js: 4ms, application-code: 9ms)
 POST /api/log 200 in 20ms (next.js: 9ms, application-code: 10ms)
 POST /api/log 200 in 8ms (next.js: 1919µs, application-code: 6ms)
 POST /api/log 200 in 17ms (next.js: 6ms, application-code: 10ms)
 POST /api/log 200 in 17ms (next.js: 5ms, application-code: 12ms)
 POST /api/log 200 in 26ms (next.js: 6ms, application-code: 20ms)
 POST /api/log 200 in 20ms (next.js: 6ms, application-code: 15ms)
 POST /api/log 200 in 9ms (next.js: 3ms, application-code: 6ms)
 POST /api/log 200 in 17ms (next.js: 6ms, application-code: 11ms)
 POST /api/log 200 in 17ms (next.js: 4ms, application-code: 13ms)
 POST /api/log 200 in 23ms (next.js: 12ms, application-code: 11ms)
 POST /api/log 200 in 30ms (next.js: 8ms, application-code: 22ms)
 POST /api/log 200 in 7ms (next.js: 2ms, application-code: 5ms)
 POST /api/log 200 in 17ms (next.js: 6ms, application-code: 11ms)
 POST /api/log 200 in 18ms (next.js: 7ms, application-code: 11ms)
 POST /api/log 200 in 17ms (next.js: 6ms, application-code: 11ms)
 POST /api/log 200 in 17ms (next.js: 4ms, application-code: 13ms)
 POST /api/log 200 in 10ms (next.js: 3ms, application-code: 8ms)
 POST /api/log 200 in 15ms (next.js: 7ms, application-code: 8ms)
 POST /api/log 200 in 14ms (next.js: 5ms, application-code: 9ms)
 POST /api/log 200 in 17ms (next.js: 7ms, application-code: 10ms)
 POST /api/log 200 in 16ms (next.js: 6ms, application-code: 10ms)
 POST /api/log 200 in 10ms (next.js: 2ms, application-code: 8ms)
 POST /api/log 200 in 19ms (next.js: 5ms, application-code: 13ms)
 POST /api/log 200 in 19ms (next.js: 6ms, application-code: 12ms)
 POST /api/log 200 in 18ms (next.js: 7ms, application-code: 12ms)
 POST /api/log 200 in 16ms (next.js: 5ms, application-code: 10ms)
 POST /api/log 200 in 10ms (next.js: 4ms, application-code: 6ms)
 POST /api/log 200 in 18ms (next.js: 7ms, application-code: 11ms)
 POST /api/log 200 in 19ms (next.js: 7ms, application-code: 12ms)
 POST /api/log 200 in 20ms (next.js: 9ms, application-code: 10ms)
 POST /api/log 200 in 15ms (next.js: 6ms, application-code: 10ms)
 POST /api/log 200 in 8ms (next.js: 3ms, application-code: 6ms)
 POST /api/log 200 in 17ms (next.js: 6ms, application-code: 12ms)
 POST /api/log 200 in 15ms (next.js: 5ms, application-code: 10ms)
 POST /api/log 200 in 16ms (next.js: 6ms, application-code: 10ms)
 POST /api/log 200 in 16ms (next.js: 6ms, application-code: 10ms)
 POST /api/log 200 in 10ms (next.js: 3ms, application-code: 7ms)
 POST /api/log 200 in 17ms (next.js: 6ms, application-code: 10ms)
 POST /api/log 200 in 17ms (next.js: 6ms, application-code: 10ms)
 POST /api/log 200 in 17ms (next.js: 7ms, application-code: 11ms)
 POST /api/log 200 in 17ms (next.js: 6ms, application-code: 10ms)
 POST /api/log 200 in 10ms (next.js: 4ms, application-code: 6ms)
 POST /api/log 200 in 12ms (next.js: 3ms, application-code: 9ms)
 POST /api/log 200 in 16ms (next.js: 5ms, application-code: 11ms)
 POST /api/log 200 in 19ms (next.js: 6ms, application-code: 13ms)
 POST /api/log 200 in 18ms (next.js: 6ms, application-code: 12ms)
 POST /api/log 200 in 9ms (next.js: 3ms, application-code: 6ms)
 POST /api/log 200 in 8ms (next.js: 1963µs, application-code: 6ms)
 POST /api/log 200 in 18ms (next.js: 7ms, application-code: 10ms)
 POST /api/log 200 in 15ms (next.js: 5ms, application-code: 10ms)
 POST /api/log 200 in 16ms (next.js: 5ms, application-code: 11ms)
 POST /api/log 200 in 15ms (next.js: 4ms, application-code: 11ms)
 POST /api/log 200 in 8ms (next.js: 2ms, application-code: 6ms)
 POST /api/log 200 in 16ms (next.js: 6ms, application-code: 10ms)
 POST /api/log 200 in 19ms (next.js: 6ms, application-code: 12ms)
 POST /api/log 200 in 18ms (next.js: 5ms, application-code: 12ms)
 POST /api/log 200 in 16ms (next.js: 6ms, application-code: 10ms)
 POST /api/log 200 in 8ms (next.js: 2ms, application-code: 6ms)
 POST /api/log 200 in 18ms (next.js: 5ms, application-code: 13ms)
 POST /api/log 200 in 20ms (next.js: 7ms, application-code: 13ms)
 POST /api/log 200 in 16ms (next.js: 4ms, application-code: 12ms)
 POST /api/log 200 in 21ms (next.js: 6ms, application-code: 14ms)
 POST /api/log 200 in 6ms (next.js: 1917µs, application-code: 5ms)
 POST /api/log 200 in 16ms (next.js: 5ms, application-code: 11ms)
 POST /api/log 200 in 18ms (next.js: 6ms, application-code: 12ms)
 POST /api/log 200 in 15ms (next.js: 6ms, application-code: 9ms)
 POST /api/log 200 in 16ms (next.js: 6ms, application-code: 10ms)
 POST /api/log 200 in 11ms (next.js: 4ms, application-code: 6ms)
 POST /api/log 200 in 11ms (next.js: 3ms, application-code: 8ms)
 POST /api/log 200 in 16ms (next.js: 6ms, application-code: 10ms)
 POST /api/log 200 in 16ms (next.js: 6ms, application-code: 11ms)
 POST /api/log 200 in 16ms (next.js: 5ms, application-code: 11ms)
 POST /api/log 200 in 13ms (next.js: 5ms, application-code: 8ms)
 POST /api/log 200 in 10ms (next.js: 4ms, application-code: 6ms)
 POST /api/log 200 in 17ms (next.js: 6ms, application-code: 11ms)
 POST /api/log 200 in 18ms (next.js: 8ms, application-code: 10ms)
 POST /api/log 200 in 16ms (next.js: 5ms, application-code: 11ms)
 POST /api/log 200 in 17ms (next.js: 6ms, application-code: 11ms)
 POST /api/log 200 in 7ms (next.js: 2ms, application-code: 5ms)
 POST /api/log 200 in 19ms (next.js: 7ms, application-code: 12ms)
 POST /api/log 200 in 17ms (next.js: 6ms, application-code: 11ms)
 POST /api/log 200 in 18ms (next.js: 5ms, application-code: 13ms)
 POST /api/log 200 in 18ms (next.js: 6ms, application-code: 12ms)
 POST /api/log 200 in 9ms (next.js: 2ms, application-code: 6ms)
 POST /api/log 200 in 15ms (next.js: 5ms, application-code: 10ms)
 POST /api/log 200 in 17ms (next.js: 6ms, application-code: 12ms)
 POST /api/log 200 in 17ms (next.js: 4ms, application-code: 12ms)
 POST /api/log 200 in 8ms (next.js: 2ms, application-code: 5ms)
 POST /api/log 200 in 17ms (next.js: 6ms, application-code: 11ms)
 POST /api/log 200 in 17ms (next.js: 6ms, application-code: 11ms)
 POST /api/log 200 in 17ms (next.js: 7ms, application-code: 11ms)
 POST /api/log 200 in 16ms (next.js: 6ms, application-code: 10ms)
 POST /api/log 200 in 7ms (next.js: 2ms, application-code: 5ms)
 POST /api/log 200 in 19ms (next.js: 6ms, application-code: 13ms)
 POST /api/log 200 in 16ms (next.js: 6ms, application-code: 10ms)
 POST /api/log 200 in 17ms (next.js: 6ms, application-code: 11ms)
 POST /api/log 200 in 17ms (next.js: 7ms, application-code: 10ms)
 POST /api/log 200 in 7ms (next.js: 2ms, application-code: 5ms)
 POST /api/log 200 in 16ms (next.js: 5ms, application-code: 11ms)
 POST /api/log 200 in 16ms (next.js: 6ms, application-code: 10ms)
 POST /api/log 200 in 18ms (next.js: 6ms, application-code: 12ms)
 POST /api/log 200 in 19ms (next.js: 9ms, application-code: 11ms)
 POST /api/log 200 in 8ms (next.js: 2ms, application-code: 6ms)
 POST /api/log 200 in 12ms (next.js: 3ms, application-code: 9ms)
 POST /api/log 200 in 18ms (next.js: 7ms, application-code: 10ms)
 POST /api/log 200 in 16ms (next.js: 6ms, application-code: 11ms)
 POST /api/log 200 in 18ms (next.js: 7ms, application-code: 11ms)
 POST /api/log 200 in 15ms (next.js: 4ms, application-code: 11ms)
 POST /api/log 200 in 8ms (next.js: 2ms, application-code: 5ms)
 POST /api/log 200 in 18ms (next.js: 6ms, application-code: 12ms)
 POST /api/log 200 in 18ms (next.js: 6ms, application-code: 12ms)
 POST /api/log 200 in 14ms (next.js: 4ms, application-code: 10ms)
 POST /api/log 200 in 18ms (next.js: 6ms, application-code: 11ms)
 POST /api/log 200 in 9ms (next.js: 3ms, application-code: 6ms)
 POST /api/log 200 in 17ms (next.js: 7ms, application-code: 9ms)
 POST /api/log 200 in 20ms (next.js: 7ms, application-code: 13ms)
 POST /api/log 200 in 18ms (next.js: 7ms, application-code: 11ms)
 POST /api/log 200 in 16ms (next.js: 5ms, application-code: 11ms)
 POST /api/log 200 in 9ms (next.js: 3ms, application-code: 7ms)
 POST /api/log 200 in 17ms (next.js: 6ms, application-code: 11ms)
 POST /api/log 200 in 17ms (next.js: 5ms, application-code: 12ms)
 POST /api/log 200 in 19ms (next.js: 4ms, application-code: 15ms)
 POST /api/log 200 in 17ms (next.js: 6ms, application-code: 11ms)
 POST /api/log 200 in 11ms (next.js: 3ms, application-code: 8ms)
 POST /api/log 200 in 18ms (next.js: 6ms, application-code: 12ms)
 POST /api/log 200 in 14ms (next.js: 4ms, application-code: 10ms)
 POST /api/log 200 in 20ms (next.js: 6ms, application-code: 14ms)
 POST /api/log 200 in 17ms (next.js: 6ms, application-code: 11ms)
 POST /api/log 200 in 8ms (next.js: 3ms, application-code: 5ms)
 POST /api/log 200 in 8ms (next.js: 1914µs, application-code: 6ms)
 POST /api/log 200 in 17ms (next.js: 7ms, application-code: 10ms)
 POST /api/log 200 in 16ms (next.js: 5ms, application-code: 11ms)
 POST /api/log 200 in 17ms (next.js: 6ms, application-code: 11ms)
 POST /api/log 200 in 19ms (next.js: 6ms, application-code: 12ms)
 POST /api/log 200 in 7ms (next.js: 1966µs, application-code: 5ms)
 POST /api/log 200 in 17ms (next.js: 6ms, application-code: 11ms)
 POST /api/log 200 in 17ms (next.js: 6ms, application-code: 11ms)
 POST /api/log 200 in 17ms (next.js: 6ms, application-code: 10ms)
 POST /api/log 200 in 21ms (next.js: 8ms, application-code: 13ms)
 POST /api/log 200 in 7ms (next.js: 1879µs, application-code: 6ms)
 POST /api/log 200 in 19ms (next.js: 6ms, application-code: 12ms)
 POST /api/log 200 in 18ms (next.js: 6ms, application-code: 12ms)
 POST /api/log 200 in 16ms (next.js: 5ms, application-code: 11ms)
 POST /api/log 200 in 16ms (next.js: 4ms, application-code: 12ms)
 POST /api/log 200 in 7ms (next.js: 2ms, application-code: 5ms)
 POST /api/log 200 in 15ms (next.js: 4ms, application-code: 12ms)
 POST /api/log 200 in 16ms (next.js: 5ms, application-code: 11ms)
 POST /api/log 200 in 14ms (next.js: 4ms, application-code: 10ms)
 POST /api/log 200 in 18ms (next.js: 7ms, application-code: 12ms)
 POST /api/log 200 in 7ms (next.js: 2ms, application-code: 5ms)
 POST /api/log 200 in 15ms (next.js: 4ms, application-code: 10ms)
 POST /api/log 200 in 16ms (next.js: 5ms, application-code: 11ms)
 POST /api/log 200 in 20ms (next.js: 8ms, application-code: 12ms)
 POST /api/log 200 in 17ms (next.js: 5ms, application-code: 12ms)
 POST /api/log 200 in 14ms (next.js: 5ms, application-code: 9ms)
 POST /api/log 200 in 18ms (next.js: 7ms, application-code: 11ms)
 POST /api/log 200 in 18ms (next.js: 7ms, application-code: 11ms)
 POST /api/log 200 in 9ms (next.js: 2ms, application-code: 6ms)
 POST /api/log 200 in 17ms (next.js: 6ms, application-code: 11ms)
 POST /api/log 200 in 13ms (next.js: 4ms, application-code: 9ms)
 POST /api/log 200 in 18ms (next.js: 5ms, application-code: 13ms)
 POST /api/log 200 in 17ms (next.js: 6ms, application-code: 11ms)
 POST /api/log 200 in 13ms (next.js: 5ms, application-code: 8ms)
 POST /api/log 200 in 11ms (next.js: 5ms, application-code: 6ms)
 POST /api/log 200 in 16ms (next.js: 5ms, application-code: 11ms)
 POST /api/log 200 in 14ms (next.js: 4ms, application-code: 11ms)
 POST /api/log 200 in 15ms (next.js: 4ms, application-code: 11ms)
 POST /api/log 200 in 16ms (next.js: 6ms, application-code: 10ms)
 POST /api/log 200 in 8ms (next.js: 3ms, application-code: 5ms)
 POST /api/log 200 in 17ms (next.js: 5ms, application-code: 11ms)
 POST /api/log 200 in 17ms (next.js: 7ms, application-code: 11ms)
 POST /api/log 200 in 16ms (next.js: 6ms, application-code: 10ms)
 POST /api/log 200 in 18ms (next.js: 7ms, application-code: 11ms)
 POST /api/log 200 in 9ms (next.js: 3ms, application-code: 7ms)
 POST /api/log 200 in 14ms (next.js: 4ms, application-code: 10ms)
 POST /api/log 200 in 16ms (next.js: 6ms, application-code: 10ms)
 POST /api/log 200 in 19ms (next.js: 10ms, application-code: 9ms)
 POST /api/log 200 in 18ms (next.js: 4ms, application-code: 14ms)
 POST /api/log 200 in 6ms (next.js: 1750µs, application-code: 4ms)
 POST /api/log 200 in 13ms (next.js: 4ms, application-code: 10ms)
 POST /api/log 200 in 18ms (next.js: 7ms, application-code: 11ms)
 POST /api/log 200 in 17ms (next.js: 6ms, application-code: 11ms)
 POST /api/log 200 in 18ms (next.js: 6ms, application-code: 12ms)
 POST /api/log 200 in 9ms (next.js: 3ms, application-code: 6ms)
 POST /api/log 200 in 12ms (next.js: 2ms, application-code: 9ms)
 POST /api/log 200 in 15ms (next.js: 4ms, application-code: 11ms)
 POST /api/log 200 in 17ms (next.js: 4ms, application-code: 12ms)
 POST /api/log 200 in 22ms (next.js: 8ms, application-code: 14ms)
 POST /api/log 200 in 12ms (next.js: 5ms, application-code: 8ms)
 POST /api/log 200 in 8ms (next.js: 2ms, application-code: 6ms)
 POST /api/log 200 in 16ms (next.js: 6ms, application-code: 10ms)
 POST /api/log 200 in 14ms (next.js: 4ms, application-code: 10ms)
 POST /api/log 200 in 15ms (next.js: 4ms, application-code: 11ms)
 POST /api/log 200 in 14ms (next.js: 4ms, application-code: 10ms)
 POST /api/log 200 in 9ms (next.js: 2ms, application-code: 6ms)
 POST /api/log 200 in 16ms (next.js: 6ms, application-code: 10ms)
 POST /api/log 200 in 15ms (next.js: 5ms, application-code: 10ms)
 POST /api/log 200 in 17ms (next.js: 7ms, application-code: 10ms)
 POST /api/log 200 in 19ms (next.js: 6ms, application-code: 13ms)
 POST /api/log 200 in 16ms (next.js: 1888µs, application-code: 14ms)
 POST /api/log 200 in 17ms (next.js: 5ms, application-code: 12ms)
 POST /api/log 200 in 16ms (next.js: 6ms, application-code: 10ms)
 POST /api/log 200 in 13ms (next.js: 5ms, application-code: 8ms)
 POST /api/log 200 in 17ms (next.js: 5ms, application-code: 12ms)
 POST /api/log 200 in 12ms (next.js: 5ms, application-code: 7ms)
 POST /api/log 200 in 15ms (next.js: 4ms, application-code: 11ms)
 POST /api/log 200 in 18ms (next.js: 7ms, application-code: 11ms)
 POST /api/log 200 in 16ms (next.js: 6ms, application-code: 11ms)
 POST /api/log 200 in 19ms (next.js: 7ms, application-code: 13ms)
 POST /api/log 200 in 12ms (next.js: 4ms, application-code: 8ms)
 POST /api/log 200 in 8ms (next.js: 2ms, application-code: 5ms)
 POST /api/log 200 in 16ms (next.js: 5ms, application-code: 11ms)
 POST /api/log 200 in 16ms (next.js: 6ms, application-code: 11ms)
 POST /api/log 200 in 18ms (next.js: 5ms, application-code: 13ms)
 POST /api/log 200 in 19ms (next.js: 8ms, application-code: 11ms)
 POST /api/log 200 in 16ms (next.js: 5ms, application-code: 10ms)
 POST /api/log 200 in 15ms (next.js: 4ms, application-code: 11ms)
 POST /api/log 200 in 17ms (next.js: 6ms, application-code: 11ms)
 POST /api/log 200 in 7ms (next.js: 2ms, application-code: 5ms)
 POST /api/log 200 in 20ms (next.js: 9ms, application-code: 12ms)
 POST /api/log 200 in 15ms (next.js: 4ms, application-code: 11ms)
 POST /api/log 200 in 15ms (next.js: 4ms, application-code: 11ms)
 POST /api/log 200 in 15ms (next.js: 4ms, application-code: 10ms)
 POST /api/log 200 in 8ms (next.js: 2ms, application-code: 6ms)
 POST /api/log 200 in 9ms (next.js: 3ms, application-code: 6ms)
 POST /api/log 200 in 14ms (next.js: 4ms, application-code: 10ms)
 POST /api/log 200 in 18ms (next.js: 6ms, application-code: 12ms)
 POST /api/log 200 in 16ms (next.js: 5ms, application-code: 11ms)
 POST /api/log 200 in 18ms (next.js: 7ms, application-code: 11ms)
 POST /api/log 200 in 7ms (next.js: 2ms, application-code: 5ms)
 POST /api/log 200 in 16ms (next.js: 6ms, application-code: 10ms)
 POST /api/log 200 in 18ms (next.js: 6ms, application-code: 12ms)
 POST /api/log 200 in 16ms (next.js: 5ms, application-code: 11ms)
 POST /api/log 200 in 16ms (next.js: 6ms, application-code: 10ms)
 POST /api/log 200 in 9ms (next.js: 2ms, application-code: 6ms)
 POST /api/log 200 in 16ms (next.js: 5ms, application-code: 10ms)
 POST /api/log 200 in 17ms (next.js: 6ms, application-code: 11ms)
 POST /api/log 200 in 17ms (next.js: 6ms, application-code: 11ms)
 POST /api/log 200 in 18ms (next.js: 6ms, application-code: 12ms)
 POST /api/log 200 in 8ms (next.js: 2ms, application-code: 6ms)
 POST /api/log 200 in 12ms (next.js: 4ms, application-code: 9ms)
 POST /api/log 200 in 16ms (next.js: 5ms, application-code: 11ms)
 POST /api/log 200 in 17ms (next.js: 7ms, application-code: 11ms)
 POST /api/log 200 in 18ms (next.js: 5ms, application-code: 14ms)
 POST /api/log 200 in 10ms (next.js: 3ms, application-code: 7ms)
 POST /api/log 200 in 13ms (next.js: 3ms, application-code: 9ms)
 POST /api/log 200 in 17ms (next.js: 6ms, application-code: 11ms)
 POST /api/log 200 in 25ms (next.js: 7ms, application-code: 18ms)
 POST /api/log 200 in 17ms (next.js: 5ms, application-code: 12ms)
 POST /api/log 200 in 15ms (next.js: 6ms, application-code: 9ms)
 POST /api/log 200 in 9ms (next.js: 4ms, application-code: 6ms)
 POST /api/log 200 in 15ms (next.js: 4ms, application-code: 10ms)
 POST /api/log 200 in 17ms (next.js: 6ms, application-code: 10ms)
 POST /api/log 200 in 16ms (next.js: 6ms, application-code: 10ms)
 POST /api/log 200 in 17ms (next.js: 6ms, application-code: 12ms)
 POST /api/log 200 in 8ms (next.js: 3ms, application-code: 5ms)
 POST /api/log 200 in 17ms (next.js: 5ms, application-code: 12ms)
 POST /api/log 200 in 16ms (next.js: 5ms, application-code: 11ms)
 POST /api/log 200 in 19ms (next.js: 7ms, application-code: 12ms)
 POST /api/log 200 in 16ms (next.js: 4ms, application-code: 11ms)
 POST /api/log 200 in 8ms (next.js: 3ms, application-code: 5ms)
 POST /api/log 200 in 20ms (next.js: 5ms, application-code: 14ms)
 POST /api/log 200 in 13ms (next.js: 4ms, application-code: 9ms)
 POST /api/log 200 in 18ms (next.js: 6ms, application-code: 12ms)
 POST /api/log 200 in 18ms (next.js: 5ms, application-code: 13ms)
 POST /api/log 200 in 7ms (next.js: 1668µs, application-code: 5ms)
 POST /api/log 200 in 16ms (next.js: 5ms, application-code: 11ms)
 POST /api/log 200 in 17ms (next.js: 4ms, application-code: 13ms)
 POST /api/log 200 in 14ms (next.js: 4ms, application-code: 10ms)
 POST /api/log 200 in 15ms (next.js: 4ms, application-code: 11ms)
 POST /api/log 200 in 10ms (next.js: 3ms, application-code: 6ms)
 POST /api/log 200 in 12ms (next.js: 3ms, application-code: 9ms)
 POST /api/log 200 in 18ms (next.js: 6ms, application-code: 12ms)
 POST /api/log 200 in 18ms (next.js: 6ms, application-code: 12ms)
 POST /api/log 200 in 16ms (next.js: 5ms, application-code: 11ms)
 POST /api/log 200 in 11ms (next.js: 4ms, application-code: 7ms)
 POST /api/log 200 in 21ms (next.js: 2ms, application-code: 19ms)
 POST /api/log 200 in 18ms (next.js: 7ms, application-code: 11ms)
 POST /api/log 200 in 15ms (next.js: 4ms, application-code: 11ms)
 POST /api/log 200 in 15ms (next.js: 5ms, application-code: 10ms)
 POST /api/log 200 in 17ms (next.js: 5ms, application-code: 11ms)
 POST /api/log 200 in 9ms (next.js: 3ms, application-code: 6ms)
 POST /api/log 200 in 19ms (next.js: 7ms, application-code: 12ms)
 POST /api/log 200 in 30ms (next.js: 21ms, application-code: 9ms)
 POST /api/log 200 in 18ms (next.js: 4ms, application-code: 13ms)
 POST /api/log 200 in 9ms (next.js: 3ms, application-code: 6ms)
 POST /api/log 200 in 17ms (next.js: 6ms, application-code: 11ms)
 POST /api/log 200 in 15ms (next.js: 6ms, application-code: 10ms)
 POST /api/log 200 in 20ms (next.js: 7ms, application-code: 13ms)
 POST /api/log 200 in 16ms (next.js: 6ms, application-code: 10ms)
 POST /api/log 200 in 7ms (next.js: 2ms, application-code: 5ms)
 POST /api/log 200 in 25ms (next.js: 7ms, application-code: 18ms)
 POST /api/log 200 in 11ms (next.js: 3ms, application-code: 8ms)
 POST /api/log 200 in 16ms (next.js: 5ms, application-code: 11ms)
 POST /api/log 200 in 17ms (next.js: 6ms, application-code: 11ms)
 POST /api/log 200 in 8ms (next.js: 2ms, application-code: 6ms)
 POST /api/log 200 in 14ms (next.js: 4ms, application-code: 10ms)
 POST /api/log 200 in 16ms (next.js: 4ms, application-code: 12ms)
 POST /api/log 200 in 18ms (next.js: 6ms, application-code: 12ms)
 POST /api/log 200 in 17ms (next.js: 6ms, application-code: 12ms)
 POST /api/log 200 in 11ms (next.js: 3ms, application-code: 7ms)
 POST /api/log 200 in 15ms (next.js: 6ms, application-code: 10ms)
 POST /api/log 200 in 16ms (next.js: 6ms, application-code: 11ms)
 POST /api/log 200 in 16ms (next.js: 5ms, application-code: 11ms)
 POST /api/log 200 in 16ms (next.js: 6ms, application-code: 11ms)
 POST /api/log 200 in 9ms (next.js: 3ms, application-code: 6ms)
 POST /api/log 200 in 8ms (next.js: 3ms, application-code: 5ms)
 POST /api/log 200 in 20ms (next.js: 7ms, application-code: 14ms)
 POST /api/log 200 in 16ms (next.js: 5ms, application-code: 11ms)
 POST /api/log 200 in 19ms (next.js: 7ms, application-code: 12ms)
 POST /api/log 200 in 17ms (next.js: 7ms, application-code: 11ms)
 POST /api/log 200 in 11ms (next.js: 4ms, application-code: 7ms)
 POST /api/log 200 in 16ms (next.js: 6ms, application-code: 10ms)
 POST /api/log 200 in 16ms (next.js: 5ms, application-code: 10ms)
 POST /api/log 200 in 18ms (next.js: 5ms, application-code: 13ms)
 POST /api/log 200 in 21ms (next.js: 6ms, application-code: 15ms)
 POST /api/log 200 in 10ms (next.js: 4ms, application-code: 6ms)
 POST /api/log 200 in 15ms (next.js: 4ms, application-code: 11ms)
 POST /api/log 200 in 17ms (next.js: 6ms, application-code: 11ms)
 POST /api/log 200 in 17ms (next.js: 5ms, application-code: 12ms)
 POST /api/log 200 in 18ms (next.js: 6ms, application-code: 12ms)
 POST /api/log 200 in 11ms (next.js: 4ms, application-code: 7ms)
 POST /api/log 200 in 16ms (next.js: 5ms, application-code: 11ms)
 POST /api/log 200 in 16ms (next.js: 5ms, application-code: 11ms)
 POST /api/log 200 in 16ms (next.js: 6ms, application-code: 10ms)
 POST /api/log 200 in 22ms (next.js: 11ms, application-code: 12ms)
 POST /api/log 200 in 8ms (next.js: 2ms, application-code: 6ms)
 POST /api/log 200 in 16ms (next.js: 4ms, application-code: 12ms)
 POST /api/log 200 in 16ms (next.js: 5ms, application-code: 11ms)
 POST /api/log 200 in 16ms (next.js: 4ms, application-code: 12ms)
 POST /api/log 200 in 17ms (next.js: 5ms, application-code: 11ms)
 POST /api/log 200 in 9ms (next.js: 3ms, application-code: 6ms)
 POST /api/log 200 in 8ms (next.js: 3ms, application-code: 6ms)
 POST /api/log 200 in 17ms (next.js: 5ms, application-code: 12ms)
 POST /api/log 200 in 14ms (next.js: 4ms, application-code: 11ms)
 POST /api/log 200 in 18ms (next.js: 6ms, application-code: 11ms)
 POST /api/log 200 in 19ms (next.js: 9ms, application-code: 10ms)
 POST /api/log 200 in 7ms (next.js: 1828µs, application-code: 6ms)
 POST /api/log 200 in 16ms (next.js: 5ms, application-code: 11ms)
 POST /api/log 200 in 15ms (next.js: 6ms, application-code: 9ms)
 POST /api/log 200 in 44ms (next.js: 12ms, application-code: 32ms)
 POST /api/log 200 in 17ms (next.js: 7ms, application-code: 10ms)
 POST /api/log 200 in 9ms (next.js: 3ms, application-code: 7ms)
 POST /api/log 200 in 15ms (next.js: 5ms, application-code: 11ms)
 POST /api/log 200 in 14ms (next.js: 5ms, application-code: 10ms)
 POST /api/log 200 in 15ms (next.js: 5ms, application-code: 10ms)
 POST /api/log 200 in 17ms (next.js: 6ms, application-code: 11ms)
 POST /api/log 200 in 10ms (next.js: 2ms, application-code: 7ms)
 POST /api/log 200 in 17ms (next.js: 6ms, application-code: 11ms)
 POST /api/log 200 in 16ms (next.js: 6ms, application-code: 10ms)
 POST /api/log 200 in 17ms (next.js: 6ms, application-code: 12ms)
 POST /api/log 200 in 7ms (next.js: 2ms, application-code: 5ms)
 POST /api/log 200 in 13ms (next.js: 4ms, application-code: 9ms)
 POST /api/log 200 in 14ms (next.js: 4ms, application-code: 10ms)
 POST /api/log 200 in 18ms (next.js: 8ms, application-code: 11ms)
 POST /api/log 200 in 18ms (next.js: 6ms, application-code: 12ms)
 POST /api/log 200 in 7ms (next.js: 1958µs, application-code: 5ms)
 POST /api/log 200 in 16ms (next.js: 4ms, application-code: 12ms)
 POST /api/log 200 in 12ms (next.js: 3ms, application-code: 9ms)
 POST /api/log 200 in 16ms (next.js: 6ms, application-code: 10ms)
 POST /api/log 200 in 17ms (next.js: 5ms, application-code: 11ms)
 POST /api/log 200 in 8ms (next.js: 1910µs, application-code: 6ms)
 POST /api/log 200 in 17ms (next.js: 6ms, application-code: 11ms)
 POST /api/log 200 in 16ms (next.js: 6ms, application-code: 10ms)
 POST /api/log 200 in 17ms (next.js: 5ms, application-code: 12ms)
 POST /api/log 200 in 20ms (next.js: 9ms, application-code: 10ms)
 POST /api/log 200 in 20ms (next.js: 7ms, application-code: 13ms)
 POST /api/log 200 in 9ms (next.js: 2ms, application-code: 7ms)
 POST /api/log 200 in 18ms (next.js: 6ms, application-code: 12ms)
 POST /api/log 200 in 19ms (next.js: 7ms, application-code: 12ms)
 POST /api/log 200 in 17ms (next.js: 7ms, application-code: 10ms)
 POST /api/log 200 in 16ms (next.js: 6ms, application-code: 10ms)
 POST /api/log 200 in 8ms (next.js: 1959µs, application-code: 6ms)
 POST /api/log 200 in 16ms (next.js: 5ms, application-code: 11ms)
 POST /api/log 200 in 17ms (next.js: 6ms, application-code: 11ms)
 POST /api/log 200 in 16ms (next.js: 5ms, application-code: 11ms)
 POST /api/log 200 in 18ms (next.js: 7ms, application-code: 11ms)
 POST /api/log 200 in 8ms (next.js: 2ms, application-code: 5ms)
 POST /api/log 200 in 17ms (next.js: 6ms, application-code: 11ms)
 POST /api/log 200 in 17ms (next.js: 7ms, application-code: 10ms)
 POST /api/log 200 in 16ms (next.js: 5ms, application-code: 11ms)
 POST /api/log 200 in 17ms (next.js: 5ms, application-code: 13ms)
 POST /api/log 200 in 9ms (next.js: 2ms, application-code: 7ms)
 POST /api/log 200 in 16ms (next.js: 5ms, application-code: 11ms)
 POST /api/log 200 in 14ms (next.js: 4ms, application-code: 10ms)
 POST /api/log 200 in 17ms (next.js: 6ms, application-code: 11ms)
 POST /api/log 200 in 17ms (next.js: 7ms, application-code: 11ms)
 POST /api/log 200 in 14ms (next.js: 5ms, application-code: 9ms)
 POST /api/log 200 in 13ms (next.js: 4ms, application-code: 9ms)
 POST /api/log 200 in 16ms (next.js: 6ms, application-code: 11ms)
 POST /api/log 200 in 16ms (next.js: 5ms, application-code: 11ms)
 POST /api/log 200 in 16ms (next.js: 6ms, application-code: 10ms)
 POST /api/log 200 in 14ms (next.js: 3ms, application-code: 12ms)
 POST /api/log 200 in 17ms (next.js: 6ms, application-code: 11ms)
 POST /api/log 200 in 17ms (next.js: 6ms, application-code: 11ms)
 POST /api/log 200 in 17ms (next.js: 6ms, application-code: 11ms)
 POST /api/log 200 in 16ms (next.js: 5ms, application-code: 11ms)
 POST /api/log 200 in 17ms (next.js: 6ms, application-code: 12ms)
 POST /api/log 200 in 8ms (next.js: 3ms, application-code: 6ms)
 POST /api/log 200 in 16ms (next.js: 6ms, application-code: 10ms)
 POST /api/log 200 in 26ms (next.js: 11ms, application-code: 16ms)
 POST /api/log 200 in 16ms (next.js: 5ms, application-code: 11ms)
 POST /api/log 200 in 16ms (next.js: 5ms, application-code: 10ms)
 POST /api/log 200 in 7ms (next.js: 1976µs, application-code: 5ms)
 POST /api/log 200 in 17ms (next.js: 5ms, application-code: 12ms)
 POST /api/log 200 in 17ms (next.js: 6ms, application-code: 11ms)
 POST /api/log 200 in 18ms (next.js: 6ms, application-code: 12ms)
 POST /api/log 200 in 18ms (next.js: 7ms, application-code: 11ms)
 POST /api/log 200 in 8ms (next.js: 2ms, application-code: 6ms)
 POST /api/log 200 in 17ms (next.js: 6ms, application-code: 11ms)
 POST /api/log 200 in 16ms (next.js: 5ms, application-code: 11ms)
 POST /api/log 200 in 16ms (next.js: 6ms, application-code: 10ms)
 POST /api/log 200 in 15ms (next.js: 5ms, application-code: 10ms)
 POST /api/log 200 in 10ms (next.js: 3ms, application-code: 6ms)
 POST /api/log 200 in 15ms (next.js: 4ms, application-code: 10ms)
 POST /api/log 200 in 16ms (next.js: 5ms, application-code: 11ms)
 POST /api/log 200 in 15ms (next.js: 6ms, application-code: 10ms)
 POST /api/log 200 in 16ms (next.js: 6ms, application-code: 10ms)
 POST /api/log 200 in 8ms (next.js: 2ms, application-code: 5ms)
 POST /api/log 200 in 11ms (next.js: 5ms, application-code: 6ms)
 POST /api/log 200 in 17ms (next.js: 6ms, application-code: 12ms)
 POST /api/log 200 in 16ms (next.js: 6ms, application-code: 10ms)
 POST /api/log 200 in 18ms (next.js: 4ms, application-code: 13ms)
 GET /study?page=debrief&username=sim-07-room-n-engaged&condition=n&scenario=roomDoubleBooking 200 in 74ms (next.js: 13ms, application-code: 61ms)
 POST /api/log 200 in 15ms (next.js: 6ms, application-code: 9ms)
 GET /study?page=post-task-survey&username=sim-07-room-n-engaged&condition=n&scenario=roomDoubleBooking 200 in 34ms (next.js: 5ms, application-code: 30ms)
 POST /api/log 200 in 14ms (next.js: 4ms, application-code: 11ms)
 POST /api/log 200 in 17ms (next.js: 5ms, application-code: 11ms)
 GET /study?page=final&username=sim-07-room-n-engaged&condition=n&scenario=roomDoubleBooking 200 in 40ms (next.js: 6ms, application-code: 34ms)
 POST /api/log 200 in 14ms (next.js: 3ms, application-code: 11ms)
